department1	department2
SRH	DMCT
DSE	DSE
DSE	DISQ
DSE	DSE
SRH	DSE
DMCT	SRH
DMCT	DSE
DMCT	SRH
SRH	DISQ
DSE	DISQ
DSE	DISQ
DMCT	DISQ
DSE	DISQ
DMCT	DSE
DSE	DMCT
DMCT	DSE
DSE	DISQ
DSE	DSE
DMCT	DSE
DMCT	DMCT
DSE	DMCT
DSE	DISQ
DSE	DSE
DMCT	DSE
DSE	DMCT
DSE	DSE
DSE	DISQ
DMCT	DSE
DMCT	DMCT
DSE	DMCT
DSE	DMCT
DSE	DMCT
DSE	DISQ
DSE	DSE
DMCT	DSE
DMCT	DSE
DSE	DMCT
DSE	DMCT
DSE	DISQ
DSE	DSE
DMCT	DMCT
DMCT	DSE
DSE	DMCT
DSE	DMCT
DSE	DISQ
DSE	DSE
DSE	DISQ
DSE	DISQ
SRH	DSE
DSE	DISQ
DSE	DISQ
DSE	DSE
DSE	DISQ
DMCT	DMCT
DSE	DISQ
DSE	SRH
DSE	SRH
DSE	DSE
DSE	DSE
DSE	DSE
DSE	DSE
DSE	DSE
DSE	DSE
SRH	SRH
SRH	SRH
SRH	SRH
SRH	SRH
DMCT	SRH
DSE	DSE
DSE	DSE
DSE	DSE
DSE	DSE
DSE	DSE
DSE	DSE
DSE	DSE
DSE	DSE
DSE	DSE
DMCT	SRH
DSE	DSE
DSE	DSE
DSE	DSE
DMCT	DISQ
SRH	SRH
DMCT	DISQ
DMCT	DISQ
DMCT	DISQ
DSE	DSE
DSE	DSE
DSE	DSE
DSE	DSE
DSE	DSE
DSE	DSE
DSE	DSE
DSE	DSE
DSE	DSE
DSE	DSE
DSE	DSE
DSE	DSE
DSE	DSE
DSE	DSE
DSE	DSE
DSE	DSE
DSE	DSE
DSE	DSE
DSE	DSE
DSE	DSE
DSE	DSE
SRH	SRH
DMCT	DSE
DSE	DSE
DSE	DSE
DSE	DSE
DSE	DSE
DSE	DSE
SRH	SRH
SRH	SRH
DSE	DSE
DMCT	DMCT
DSE	DMCT
SRH	SRH
DSE	DSE
DMCT	DMCT
DSE	DSE
DSE	DSE
SRH	SRH
DSE	DSE
DSE	DSE
SRH	SRH
DSE	DSE
SRH	SRH
SRH	SRH
DSE	SRH
DSE	DSE
SRH	SRH
SRH	SRH
SRH	SRH
SRH	SRH
SRH	SRH
DSE	DSE
SRH	SRH
SRH	SRH
SRH	SRH
SRH	SRH
SRH	SRH
SRH	SRH
SRH	SRH
SRH	SRH
SRH	SRH
SRH	SRH
SRH	SRH
SRH	SRH
SRH	SRH
SRH	SRH
SFLE	DSE
SRH	SRH
SRH	SRH
DSE	DSE
DSE	DISQ
DSE	DISQ
DSE	DISQ
DSE	DSE
DSE	DSE
DSE	DISQ
DSE	DSE
DSE	DSE
DMCT	DMCT
DMCT	DMCT
DMCT	DMCT
DMCT	DMCT
DMCT	DMCT
DSE	DISQ
DMCT	DMCT
SRH	SRH
DMCT	DMCT
SRH	DMCT
DSE	DSE
SRH	DMCT
SRH	DMCT
SRH	DMCT
SRH	DMCT
SFLE	DISQ
SRH	SRH
DSE	DSE
DSE	DSE
SRH	SRH
DMCT	DMCT
SRH	SRH
SRH	SRH
SRH	SRH
SRH	SRH
SRH	SRH
SRH	SRH
SRH	SRH
SRH	SRH
SRH	SRH
SRH	SRH
SRH	SRH
SRH	SRH
DSE	DSE
DMCT	DMCT
DSE	DISQ
DISQ	DISQ
DISQ	DISQ
DSE	DSE
DSE	DISQ
DSE	DSE
DSE	DSE
DSE	DSE
DSE	DSE
DSE	DSE
DSE	DSE
DSE	DISQ
DSE	DSE
SFLE	DISQ
DMCT	DSE
DSE	DSE
DSE	DSE
DSE	DSE
DMCT	DSE
DSE	DSE
DSE	DSE
DSE	DSE
DSE	DSE
DMCT	DSE
DMCT	DSE
DSE	DSE
DSE	DISQ
DSE	DISQ
DMCT	DSE
DSE	DSE
DSE	DSE
DSE	DSE
DSE	DSE
DSE	DSE
DSE	DSE
DSE	DISQ
DSE	DSE
DSE	DISQ
DSE	DSE
DSE	DSE
DSE	DISQ
DSE	DSE
DMCT	DMCT
DSE	DSE
DSE	DSE
DSE	DSE
DMCT	DSE
DMCT	DMCT
DSE	DSE
SRH	SRH
DMCT	DSE
DMCT	DMCT
DMCT	DMCT
DSE	DSE
DSE	DSE
DSE	DSE
DSE	DSE
DSE	DSE
DSE	DSE
DSE	DSE
DSE	DSE
DSE	DSE
DSE	DSE
DSE	DSE
DSE	DSE
DSE	DSE
DMCT	DSE
DSE	DSE
DSE	DSE
DSE	DSE
DSE	DSE
SRH	SRH
DSE	DSE
SRH	SRH
DSE	DSE
DSE	DSE
SRH	SRH
DMCT	DSE
SRH	SRH
DMCT	DSE
DMCT	DSE
SRH	SRH
SRH	SRH
DSE	DSE
SRH	SRH
DSE	DSE
SRH	SRH
SRH	SRH
SRH	SRH
DSE	DSE
SRH	SRH
DMCT	DMCT
DMCT	DMCT
DMCT	DMCT
DSE	DSE
DMCT	DSE
DMCT	DMCT
DMCT	DMCT
DMCT	DMCT
DMCT	DMCT
DMCT	DMCT
DMCT	DMCT
DMCT	DMCT
DMCT	DMCT
DMCT	DMCT
DSE	DISQ
DMCT	DMCT
DMCT	DSE
DMCT	DMCT
DSE	DISQ
DMCT	DMCT
DSE	DSE
DMCT	DMCT
DMCT	DSE
DSE	DSE
DSE	DSE
DMCT	DMCT
DSE	DSE
DMCT	DMCT
DMCT	DMCT
DSE	DSE
DMCT	DMCT
DMCT	DMCT
DMCT	DSE
DMCT	DMCT
DMCT	DMCT
DSE	DSE
DMCT	DMCT
DMCT	DMCT
DMCT	DMCT
DMCT	DSE
DMCT	DMCT
DSE	DSE
DMCT	DMCT
DMCT	DMCT
DMCT	DMCT
DMCT	DMCT
DMCT	DMCT
DMCT	DMCT
DSE	DSE
DSE	DSE
DMCT	DMCT
DMCT	DMCT
DMCT	DMCT
DMCT	DMCT
DMCT	DMCT
DMCT	DMCT
DSE	DSE
DMCT	DMCT
DMCT	DMCT
DMCT	DMCT
DMCT	DMCT
DMCT	DMCT
DMCT	DMCT
DMCT	DMCT
DMCT	DSE
DMCT	DMCT
DMCT	DMCT
DMCT	DMCT
DMCT	DMCT
DMCT	DMCT
DMCT	DMCT
DMCT	DMCT
DMCT	DMCT
DMCT	DSE
DMCT	DSE
DMCT	DSE
DMCT	DSE
DMCT	DSE
DMCT	DMCT
DMCT	DSE
DMCT	DMCT
DMCT	DSE
DMCT	DMCT
DMCT	DSE
DMCT	DMCT
DMCT	DSE
DMCT	DSE
DMCT	DMCT
DMCT	DMCT
DMCT	DSE
DSE	DISQ
DMCT	DMCT
DMCT	DMCT
DMCT	DMCT
DMCT	DSE
DSE	DISQ
SRH	SRH
DSE	DSE
DSE	DSE
SRH	SRH
DSE	DSE
DSE	DSE
DMCT	DSE
DSE	DSE
DSE	DSE
SRH	SRH
DSE	DSE
DMCT	DSE
DSE	DSE
DMCT	DSE
DSE	DSE
SRH	SRH
DMCT	DSE
DSE	DSE
DMCT	DSE
DSE	DSE
DMCT	DSE
DSE	DSE
DMCT	DSE
DMCT	DSE
DMCT	DSE
DSE	DSE
DSE	DSE
DSE	DSE
DSE	DSE
DSE	DSE
DSE	DSE
DSE	DSE
DSE	DSE
DSE	DSE
DSE	DSE
DMCT	DSE
DMCT	DSE
DSE	DSE
DSE	DSE
DMCT	DSE
DSE	DSE
DMCT	DSE
DSE	DSE
DSE	DSE
DSE	DSE
DMCT	DSE
DSE	DSE
DSE	DSE
DMCT	DSE
DMCT	DSE
DMCT	DSE
DMCT	DSE
DSE	DSE
DMCT	DSE
DSE	DISQ
DMCT	DSE
DMCT	DSE
DMCT	DSE
DMCT	DSE
DMCT	DSE
DMCT	DSE
DMCT	DSE
DMCT	DSE
DSE	DSE
DSE	DSE
DSE	DISQ
DMCT	DSE
DMCT	DMCT
DSE	DSE
DSE	DSE
DMCT	DSE
DSE	DSE
DSE	DISQ
DSE	DISQ
DMCT	DSE
DMCT	DSE
DSE	DSE
DSE	DSE
DSE	DSE
DSE	DSE
DMCT	DSE
DSE	DSE
DSE	DSE
DSE	DSE
DSE	DSE
DSE	DSE
DSE	DSE
DSE	DSE
DSE	DSE
DSE	DSE
DSE	DSE
DSE	DSE
DSE	DSE
DSE	DSE
DSE	DSE
DSE	DSE
DSE	DMCT
DSE	DSE
DSE	DSE
DSE	DSE
DSE	DSE
DSE	DSE
DSE	DSE
DMCT	DSE
DSE	DSE
DMCT	DMCT
DSE	DSE
DMCT	DSE
DSE	DSE
DSE	DSE
DMCT	DMCT
DSE	DSE
DSE	DSE
DSE	DSE
DSE	DSE
DSE	DMCT
DSE	DMCT
DSE	DSE
DMCT	DMCT
DSE	DSE
DSE	DSE
DSE	DSE
DSE	DSE
DSE	DSE
DSE	DSE
DMCT	DSE
DSE	DSE
DSE	DSE
DSE	DSE
DSE	DSE
DSE	DSE
DSE	DSE
DMCT	DMCT
DSE	DSE
DMCT	DMCT
DMCT	DSE
DSE	DSE
DSE	DSE
DSE	DSE
DMCT	DMCT
DMCT	DSE
DSE	DSE
DSE	DSE
DMCT	DMCT
DMCT	DMCT
DMCT	DMCT
DSE	DSE
DSE	DSE
DMCT	DMCT
DSE	DSE
DMCT	DMCT
DMCT	DMCT
DMCT	DMCT
DMCT	DMCT
DMCT	DMCT
DMCT	DMCT
DMCT	DMCT
DSE	DSE
DMCT	DMCT
DMCT	DMCT
DMCT	DMCT
DSE	DSE
DMCT	DMCT
DMCT	DMCT
DMCT	DMCT
DMCT	DMCT
DSE	DSE
DMCT	DMCT
DSE	DSE
DMCT	SRH
DMCT	DMCT
DMCT	DMCT
DMCT	SRH
SRH	SRH
DSE	DSE
DMCT	DMCT
SRH	SRH
DMCT	DMCT
SRH	SRH
DMCT	DMCT
DSE	DSE
SRH	SRH
DSE	DSE
DMCT	DMCT
DSE	DSE
DSE	DSE
DSE	DSE
DSE	DSE
DSE	DSE
DSE	DSE
DMCT	DMCT
DSE	DSE
SRH	SRH
DSE	DSE
SRH	SRH
DSE	DSE
DMCT	DMCT
DSE	DSE
SRH	SRH
DMCT	DISQ
DMCT	DMCT
DMCT	DISQ
DISQ	DMCT
SRH	SRH
DSE	DSE
SRH	SRH
DMCT	DMCT
DSE	DMCT
DSE	DSE
DMCT	DMCT
DSE	DSE
DSE	DSE
DSE	DSE
DMCT	DMCT
DSE	DSE
DSE	DSE
DSE	DSE
SRH	SRH
DMCT	DMCT
DSE	DSE
DSE	DSE
DMCT	DMCT
DSE	DSE
DSE	DSE
SRH	SRH
DMCT	DMCT
DMCT	DMCT
DISQ	DSE
DMCT	DMCT
SRH	SRH
SRH	SRH
DMCT	DMCT
SRH	SRH
DMCT	DMCT
DMCT	DMCT
DISQ	DMCT
DISQ	DMCT
DISQ	DMCT
DISQ	DMCT
DMCT	DMCT
DMCT	DMCT
DMCT	DMCT
DSE	DSE
DMCT	DMCT
DSE	DSE
DSE	DSE
DSE	DSE
DMCT	DMCT
DMCT	DMCT
DMCT	DMCT
DMCT	DMCT
DSE	DSE
DMCT	DMCT
DSE	DSE
DMCT	DMCT
DMCT	DMCT
DMCT	DMCT
DMCT	DMCT
DSE	DSE
DSE	DSE
DMCT	DMCT
DSE	DSE
DMCT	DMCT
DMCT	DMCT
DMCT	DMCT
DMCT	DMCT
DMCT	DMCT
DMCT	DMCT
DMCT	DMCT
DSE	DSE
DSE	DSE
DSE	DSE
DMCT	DMCT
DSE	DSE
DSE	DSE
DMCT	DMCT
DMCT	DMCT
DSE	DSE
DMCT	DMCT
DSE	DSE
DSE	DSE
DMCT	DMCT
DMCT	DMCT
DMCT	DMCT
DMCT	DMCT
DMCT	DMCT
DMCT	DMCT
DMCT	DMCT
DMCT	DMCT
DMCT	DMCT
DMCT	DMCT
DMCT	DMCT
DMCT	DMCT
DMCT	DMCT
DSE	DSE
DMCT	DMCT
DMCT	DMCT
DMCT	DMCT
DMCT	DMCT
DMCT	DMCT
DMCT	DMCT
DSE	DSE
DMCT	DMCT
DMCT	DMCT
DMCT	DMCT
DMCT	DMCT
DSE	DSE
DMCT	DMCT
DMCT	DMCT
DMCT	DMCT
DMCT	DMCT
SRH	SRH
DSE	DSE
DSE	DSE
DSE	DSE
DMCT	DMCT
DSE	DSE
DSE	DSE
DMCT	DMCT
DSE	DSE
DSE	DSE
DMCT	DMCT
DMCT	DMCT
DMCT	DMCT
DMCT	DMCT
DSE	DSE
DSE	DSE
DMCT	DMCT
DMCT	DMCT
DMCT	DMCT
DSE	DSE
DSE	DSE
DSE	DISQ
SRH	SRH
DMCT	DMCT
DMCT	DMCT
DSE	DSE
DSE	DSE
DSE	DSE
DSE	DSE
DSE	DSE
DSE	DSE
DSE	DSE
DSE	DSE
DSE	DSE
DSE	DSE
DSE	DSE
DSE	DSE
DSE	DSE
DSE	DSE
DSE	DSE
DSE	DSE
DSE	DISQ
DSE	DSE
DSE	DISQ
DSE	DSE
DSE	DISQ
DSE	DSE
DSE	DSE
DSE	DSE
DSE	DSE
DSE	DSE
DSE	DSE
DSE	DSE
DSE	DSE
DSE	DSE
DSE	DSE
DSE	DSE
DSE	DISQ
DSE	DSE
DSE	DSE
DSE	DSE
DSE	DSE
DSE	DSE
DSE	DSE
DSE	DSE
DSE	DSE
DSE	DSE
DSE	DSE
DSE	DSE
DSE	DSE
DSE	DISQ
DSE	DSE
DSE	DSE
DSE	DISQ
DSE	DSE
DSE	DSE
DSE	DISQ
DSE	DSE
DSE	DSE
DSE	DSE
DSE	DSE
DSE	DSE
DSE	DSE
DSE	DSE
DSE	DSE
DSE	DSE
DSE	DSE
DSE	DSE
DSE	DSE
DSE	DSE
DSE	DSE
DSE	DSE
DSE	DSE
DSE	DSE
DSE	DSE
DSE	DSE
DSE	DSE
DSE	DSE
DSE	DSE
DSE	DSE
DSE	DSE
DSE	DSE
DSE	DSE
DSE	DSE
DMCT	DMCT
DSE	DSE
DSE	DSE
DSE	DSE
DSE	DSE
DSE	DSE
DSE	DSE
DSE	DSE
DSE	DSE
DSE	DSE
DSE	DSE
DSE	DSE
DSE	DSE
DSE	DSE
DSE	DSE
DSE	DISQ
DSE	DISQ
DSE	DSE
DSE	DSE
DSE	DSE
DSE	DSE
DSE	DSE
DISQ	DISQ
DMCT	DMCT
DSE	DSE
DMCT	DMCT
DSE	DSE
DSE	DSE
DSE	DSE
DISQ	DISQ
DSE	DSE
DMCT	DMCT
DISQ	DISQ
DMCT	DMCT
DISQ	DISQ
DSE	DSE
DISQ	DISQ
DSE	DSE
DISQ	DISQ
DISQ	DISQ
SFLE	DMCT
DISQ	DISQ
DISQ	DISQ
DISQ	DISQ
DSE	DSE
DISQ	DISQ
DSE	DSE
DSE	DSE
DISQ	DISQ
DSE	DSE
DISQ	DISQ
DISQ	DISQ
DISQ	DISQ
DISQ	DISQ
DISQ	DISQ
DISQ	DISQ
DSE	DSE
DSE	DSE
DISQ	DISQ
DSE	DSE
DISQ	DISQ
DSE	DSE
DSE	DSE
DISQ	DISQ
DSE	DSE
DISQ	DISQ
DSE	DSE
DISQ	DISQ
DSE	DSE
DISQ	DISQ
DISQ	DISQ
DISQ	DISQ
DISQ	DISQ
DSE	DSE
DISQ	DISQ
DMCT	DMCT
DSE	DSE
DISQ	DISQ
DMCT	DMCT
DSE	DSE
DSE	DSE
DSE	DSE
DSE	DISQ
DSE	DSE
DSE	DISQ
DSE	DSE
DSE	DSE
DSE	DSE
DSE	DSE
DISQ	DISQ
DSE	DSE
DISQ	DISQ
DSE	DSE
DISQ	DISQ
DSE	DSE
DISQ	DISQ
DISQ	DISQ
DISQ	DISQ
DISQ	DISQ
DSE	DSE
DISQ	DISQ
DISQ	DISQ
DISQ	DISQ
DSE	DSE
DISQ	DISQ
DISQ	DISQ
DISQ	DISQ
DISQ	DISQ
DISQ	DISQ
DSE	DSE
DISQ	DISQ
DSE	DSE
DISQ	DISQ
DSE	DSE
DISQ	DISQ
DSE	DSE
DSE	DSE
DSE	DSE
DSE	DSE
DSE	DSE
DSE	DSE
DMCT	DMCT
DMCT	DMCT
DSE	DSE
DSE	DSE
DSE	DSE
DSE	DSE
DSE	DSE
DSE	DSE
SRH	SRH
DMCT	DMCT
DMCT	DMCT
SFLE	SRH
DSE	DSE
DSE	DSE
DSE	DSE
DSE	DSE
DSE	DSE
DSE	DSE
DSE	DSE
DSE	DSE
SFLE	SRH
DSE	DSE
DSE	DSE
DSE	DSE
DSE	DSE
DSE	DSE
DSE	DSE
DSE	DSE
DSE	DSE
DSE	DSE
DSE	DSE
DSE	DSE
DSE	DSE
DSE	DSE
DSE	DSE
DSE	DSE
DSE	DSE
DSE	DSE
DSE	DSE
SRH	SRH
SRH	SRH
SRH	SRH
DMCT	DMCT
DSE	DISQ
DSE	DISQ
DSE	DISQ
DMCT	DMCT
DSE	DISQ
SRH	DMCT
SRH	DMCT
SRH	SRH
SRH	SRH
DISQ	DISQ
DMCT	DMCT
DMCT	DMCT
DISQ	DISQ
DISQ	DISQ
DISQ	DISQ
DISQ	DISQ
DISQ	DISQ
SRH	SRH
SRH	SRH
DISQ	DISQ
DISQ	DISQ
DISQ	DISQ
DISQ	DISQ
DISQ	DISQ
DISQ	DISQ
DMCT	DMCT
DISQ	DISQ
DISQ	DMCT
DISQ	DISQ
DISQ	DISQ
DMCT	DMCT
DMCT	DMCT
DISQ	DISQ
DISQ	DISQ
DISQ	DMCT
DISQ	DMCT
DISQ	DISQ
DISQ	DISQ
DSE	DSE
DISQ	DISQ
DISQ	DISQ
DSE	DSE
DSE	DSE
DSE	DSE
DSE	DSE
DSE	DSE
DSE	DSE
DSE	DSE
DSE	DISQ
DMCT	SRH
DSE	DISQ
DSE	DISQ
DSE	DISQ
DSE	DSE
DSE	DISQ
DSE	DISQ
DSE	DISQ
DISQ	DISQ
DSE	DSE
DSE	DISQ
DSE	DSE
DSE	DSE
DSE	DSE
DSE	DSE
DSE	DSE
DSE	DSE
DSE	DSE
DSE	DSE
DSE	DSE
DSE	DSE
DSE	DSE
DSE	DSE
DSE	DSE
DISQ	DISQ
DSE	DSE
DSE	DSE
DSE	DSE
DMCT	DMCT
DSE	DSE
DSE	DSE
DSE	DSE
DSE	DSE
DSE	DSE
DSE	DSE
DSE	DSE
DSE	DSE
DSE	DSE
DSE	DSE
DSE	DSE
DMCT	SRH
DMCT	SRH
DSE	DSE
DSE	DSE
DSE	DSE
DSE	DSE
DSE	DSE
DSE	DSE
DSE	DSE
DSE	DSE
DSE	DSE
DSE	DSE
SRH	DMCT
SRH	DMCT
DSE	DSE
DSE	DSE
DSE	DSE
DSE	DSE
DSE	DSE
DSE	DSE
DSE	DISQ
DSE	DISQ
DSE	DSE
DSE	DSE
DSE	DSE
DSE	DSE
DSE	DSE
DSE	DSE
DSE	DSE
DSE	DSE
DSE	DSE
DSE	DSE
DSE	DSE
DSE	DSE
DSE	DSE
DSE	DSE
DSE	DSE
DSE	DSE
DSE	DSE
DSE	DSE
DSE	DSE
DSE	DSE
DSE	DSE
DISQ	DISQ
DISQ	DISQ
DISQ	DISQ
DISQ	DISQ
DISQ	DISQ
DISQ	DISQ
DISQ	DISQ
DISQ	DISQ
DISQ	DISQ
DISQ	DISQ
DISQ	DISQ
DISQ	DISQ
DISQ	DISQ
DISQ	DISQ
DISQ	DISQ
DISQ	DISQ
DSE	DSE
DSE	DSE
DSE	DSE
DSE	DISQ
DSE	DISQ
DSE	DISQ
DSE	DSE
DSE	DSE
DSE	DSE
DSE	DSE
DSE	DSE
DSE	DSE
DSE	DISQ
DSE	DSE
DSE	DISQ
DSE	DSE
DSE	DSE
DSE	DSE
DSE	DSE
DSE	DSE
DSE	DSE
DSE	DSE
DSE	DSE
DSE	DSE
DSE	DISQ
DSE	DSE
DSE	DISQ
DSE	DSE
DSE	DSE
DSE	DISQ
DSE	DISQ
DSE	DSE
DSE	DISQ
DSE	DSE
DSE	DISQ
DSE	DISQ
DSE	DMCT
DSE	DSE
DSE	DSE
DSE	DSE
DSE	DSE
DSE	DSE
DSE	DSE
DMCT	DMCT
SRH	SRH
DMCT	DMCT
DSE	DSE
DSE	DSE
DMCT	DMCT
DSE	DSE
DMCT	DMCT
DSE	DSE
DMCT	DMCT
DSE	DSE
SRH	SRH
DSE	DSE
SRH	SRH
DSE	DSE
SRH	SRH
DSE	DSE
DSE	DSE
DSE	DSE
DSE	DSE
SRH	SRH
SRH	SRH
DSE	DSE
DSE	DSE
DSE	DSE
DISQ	DSE
DSE	DSE
DSE	DSE
DSE	SRH
DSE	DSE
DSE	DSE
DSE	DSE
DMCT	DMCT
SRH	SRH
SRH	SRH
DSE	DSE
DSE	DSE
DSE	DSE
DSE	DSE
DSE	DSE
DSE	DSE
DSE	DSE
DSE	DSE
DSE	DSE
DSE	DSE
DMCT	DMCT
DSE	DSE
DMCT	DMCT
DMCT	DMCT
DSE	DSE
DSE	DSE
DSE	DSE
SRH	SRH
DISQ	DISQ
DSE	DSE
DSE	DSE
SRH	SRH
DSE	DSE
DMCT	DMCT
DMCT	DMCT
DMCT	DMCT
DISQ	DISQ
DISQ	DISQ
DISQ	DISQ
DISQ	DISQ
DISQ	DISQ
SRH	SRH
SRH	SRH
DSE	DISQ
DSE	DISQ
SRH	SRH
SRH	SRH
SRH	SRH
SRH	SRH
DMCT	DISQ
SRH	SRH
DMCT	DISQ
SRH	SRH
DMCT	DISQ
DMCT	DISQ
SRH	SRH
DMCT	DISQ
SRH	SRH
DMCT	DISQ
SRH	SRH
DMCT	DISQ
SRH	SRH
DMCT	DISQ
SRH	SRH
DMCT	DISQ
SRH	SRH
DMCT	DISQ
DSE	DISQ
DMCT	DISQ
SRH	SRH
DSE	DSE
DSE	DSE
DSE	DSE
SRH	SRH
SFLE	DISQ
DSE	DSE
DISQ	DISQ
DSE	DSE
DSE	DSE
DMCT	SRH
SRH	SRH
DSE	DSE
SRH	SRH
DSE	DSE
DSE	DSE
DSE	DSE
DMCT	SRH
DSE	DSE
DSE	DSE
DMCT	SRH
SRH	SRH
DSE	DSE
SRH	SRH
SRH	SRH
DSE	DSE
SRH	SRH
DSE	DSE
DSE	DSE
SRH	SRH
DSE	DSE
DMCT	DMCT
DSE	DSE
SRH	SRH
DSE	DSE
DSE	DSE
DMCT	DMCT
DSE	DSE
DMCT	DMCT
DSE	DSE
DSE	DSE
SFLE	DMCT
DSE	DSE
SFLE	DMCT
SFLE	DMCT
DMCT	DMCT
DISQ	DSE
DSE	DSE
DSE	DSE
DSE	DSE
DSE	DSE
DSE	DSE
DSE	DSE
DSE	DSE
DISQ	DSE
DSE	DSE
DSE	DSE
DSE	DSE
SRH	SRH
DSE	DSE
DSE	DSE
DSE	DSE
DSE	DSE
DSE	DSE
DMCT	DMCT
DSE	DSE
DMCT	DMCT
DSE	DSE
DSE	DSE
DMCT	SFLE
DSE	DSE
DSE	DSE
DSE	DSE
DSE	DSE
DSE	DSE
DSE	DSE
DISQ	SRH
DSE	DSE
DSE	DSE
DISQ	SRH
DSE	DSE
DSE	DSE
DISQ	SRH
DSE	DSE
DSE	DSE
DISQ	SRH
DSE	DSE
DISQ	SRH
DSE	DSE
DISQ	SRH
DMCT	DMCT
DMCT	DMCT
DISQ	SRH
DSE	DSE
DISQ	SRH
DSE	DSE
DISQ	SRH
DISQ	SRH
DISQ	SRH
DISQ	SRH
DISQ	SRH
DSE	DSE
DISQ	SRH
DSE	DSE
DISQ	SRH
SRH	SRH
DSE	DSE
DISQ	SRH
SRH	SRH
DISQ	SRH
DISQ	SRH
SRH	SRH
DISQ	SRH
SRH	SRH
SRH	SRH
SRH	SRH
SRH	SRH
SRH	SRH
SRH	SRH
DSE	DSE
SRH	SRH
DSE	DSE
SRH	SRH
SRH	SRH
SRH	SRH
SRH	SRH
SRH	SRH
SRH	SRH
DSE	DSE
SRH	SRH
SRH	SRH
SRH	SRH
DISQ	DISQ
SRH	SRH
SFLE	DISQ
DSE	DSE
DSE	DSE
DSE	DSE
DSE	DSE
DSE	DSE
DSE	DSE
DSE	DSE
DSE	DSE
DSE	DSE
DSE	DSE
DSE	DSE
DSE	DSE
DSE	DSE
DSE	DSE
DSE	DSE
DSE	DSE
DMCT	DMCT
DSE	DSE
DSE	DSE
DSE	DSE
DMCT	SRH
DSE	DSE
DMCT	SRH
DSE	DSE
DSE	DSE
DSE	DSE
DSE	DSE
DSE	DSE
DSE	DSE
DSE	DSE
DMCT	DMCT
DSE	DSE
DSE	DSE
DMCT	DMCT
SRH	DSE
DMCT	DMCT
DSE	DSE
DSE	DSE
DSE	DSE
DSE	DSE
DMCT	DMCT
DSE	DSE
DSE	DSE
DSE	DSE
DSE	DSE
DSE	DSE
DSE	DSE
DSE	DSE
DSE	DSE
DSE	DSE
DSE	DSE
DSE	DSE
DSE	DSE
DSE	DSE
DSE	DSE
DSE	DSE
DSE	DSE
DSE	DSE
DSE	DSE
DSE	DSE
DSE	DSE
DSE	DSE
DSE	DSE
DSE	DSE
DSE	DSE
DSE	DSE
DSE	DSE
DSE	DSE
DMCT	SRH
DSE	DSE
DSE	DSE
DSE	DSE
DSE	DSE
DSE	DSE
DSE	DSE
DSE	DSE
DSE	DSE
DSE	DSE
DSE	DSE
DSE	DSE
DMCT	SRH
DSE	DSE
DSE	DSE
DSE	DSE
DSE	DSE
DSE	DSE
DSE	DSE
DSE	DSE
DSE	DSE
DSE	DSE
DSE	DSE
DSE	DSE
DSE	DSE
DSE	DSE
DSE	DSE
DMCT	SRH
DSE	DSE
DMCT	SRH
DSE	DSE
DSE	DSE
DMCT	SRH
DSE	DSE
DSE	DSE
DSE	DSE
DSE	DSE
DSE	DSE
DMCT	SRH
DSE	DSE
DSE	DSE
DSE	DSE
DSE	DSE
DSE	DSE
DSE	DSE
DSE	DSE
DMCT	DMCT
DMCT	DMCT
DMCT	DMCT
DMCT	DMCT
DSE	DSE
DSE	DSE
DSE	DSE
DSE	DSE
DSE	DSE
DSE	DSE
DSE	DSE
DSE	DSE
DSE	DSE
DSE	DSE
DSE	DSE
DSE	DSE
DSE	DSE
DSE	DSE
DISQ	DISQ
DSE	DSE
DSE	DSE
DMCT	DMCT
DMCT	DMCT
SRH	SRH
SRH	SRH
DISQ	DISQ
DSE	DSE
DMCT	DMCT
DMCT	DISQ
DSE	DISQ
SRH	SRH
DMCT	DMCT
DMCT	DMCT
DSE	DSE
DMCT	DMCT
DMCT	DMCT
DSE	DSE
DSE	DSE
DSE	DSE
DSE	DSE
SRH	SRH
SRH	SRH
SRH	SRH
DMCT	DMCT
DMCT	DMCT
SRH	SRH
SRH	SRH
DSE	DSE
SRH	SRH
DSE	DSE
DSE	DSE
SRH	SRH
DSE	DSE
SRH	SRH
SRH	SRH
SRH	SRH
SRH	SRH
SRH	SRH
SRH	SRH
DSE	DSE
SRH	SRH
SRH	SRH
DSE	DSE
DSE	DSE
SRH	SRH
DSE	DSE
SRH	SRH
DSE	DSE
SRH	SRH
SRH	SRH
SRH	SRH
DSE	DSE
SRH	SRH
DISQ	DISQ
SRH	SRH
DISQ	DISQ
SRH	SRH
DISQ	DISQ
SRH	SRH
DISQ	DISQ
SRH	SRH
SRH	SRH
DSE	DSE
DSE	DSE
SRH	SRH
DSE	DSE
SRH	SRH
DSE	DSE
SRH	SRH
DSE	DSE
SRH	SRH
DSE	DSE
SRH	SRH
DSE	DISQ
DISQ	DISQ
DSE	DSE
SRH	SRH
DSE	DSE
SRH	SRH
DSE	DSE
SRH	SRH
DSE	DSE
SRH	SRH
DSE	DSE
SRH	SRH
DSE	DSE
SRH	SRH
DISQ	DISQ
SRH	SRH
SRH	SRH
SRH	SRH
DSE	DSE
DSE	DSE
SRH	SRH
DSE	DSE
SRH	SRH
DSE	DSE
DISQ	DISQ
SRH	SRH
SRH	SRH
DSE	DSE
SRH	SRH
SRH	SRH
DSE	DSE
DISQ	DISQ
DMCT	DSE
DISQ	DISQ
SRH	SRH
SRH	SRH
DISQ	DISQ
SRH	SRH
DSE	DSE
DISQ	DISQ
SRH	SRH
SRH	DSE
SRH	SRH
DSE	DSE
SRH	SRH
DMCT	SRH
SRH	SRH
DMCT	DISQ
DSE	DSE
SRH	SRH
SRH	SRH
SRH	SRH
SRH	SRH
DSE	DSE
DSE	DSE
DSE	DSE
SRH	SRH
SRH	SRH
DSE	DSE
DSE	DSE
DSE	DSE
DSE	DSE
SRH	SRH
DSE	DSE
DSE	DSE
DSE	DSE
SRH	SRH
DSE	DSE
SRH	SRH
DSE	DSE
SRH	SRH
DSE	DSE
SRH	SRH
DSE	DSE
SRH	SRH
DSE	DSE
SRH	SRH
DSE	DSE
SRH	SRH
SRH	SRH
SRH	SRH
SRH	SFLE
DSE	DSE
SRH	SFLE
SRH	SFLE
DSE	DSE
SRH	SFLE
SRH	SFLE
SRH	SRH
DSE	DSE
SRH	SFLE
DSE	DSE
SRH	SFLE
DSE	DSE
DSE	DSE
SRH	SRH
SRH	SFLE
SRH	SRH
SRH	SFLE
SRH	SRH
SRH	SFLE
SRH	SRH
DSE	DSE
SRH	SFLE
SRH	SRH
DSE	DSE
SRH	SFLE
SRH	SRH
DSE	DSE
SRH	SFLE
DSE	DSE
SRH	SRH
SRH	SFLE
DSE	DSE
DSE	DSE
DSE	DSE
DSE	DSE
SRH	SFLE
DSE	DSE
DSE	DSE
SRH	SRH
DSE	DSE
SRH	SFLE
SRH	SRH
DSE	DSE
SRH	SFLE
SRH	SRH
DSE	DISQ
DSE	DSE
SRH	SFLE
SRH	SRH
SRH	SFLE
SRH	SRH
SRH	SFLE
SRH	SFLE
SRH	SRH
SRH	SFLE
SRH	SRH
SRH	SFLE
SRH	SRH
DSE	DSE
SRH	SFLE
SRH	SRH
DMCT	DSE
DSE	DSE
SRH	SFLE
SRH	SRH
DSE	DSE
SRH	SFLE
SRH	SRH
SRH	SRH
DSE	DSE
SRH	SFLE
SRH	SRH
SRH	SRH
DSE	DSE
SRH	SFLE
SRH	SRH
DSE	DSE
SRH	SFLE
DSE	DSE
SRH	SFLE
SRH	SRH
DSE	DSE
SRH	SFLE
DSE	DSE
DSE	DSE
SRH	SFLE
SRH	SRH
SRH	SRH
DSE	DSE
DSE	DSE
DSE	DSE
DSE	DSE
SFLE	DSE
DSE	DSE
DMCT	SRH
DSE	DSE
DMCT	SRH
DSE	DSE
DSE	DMCT
DMCT	SRH
SRH	SRH
DSE	DSE
DMCT	SRH
DMCT	DMCT
SRH	SRH
SRH	SRH
SRH	SRH
SRH	SRH
DMCT	DMCT
SRH	SRH
SRH	SRH
DSE	DSE
SRH	SRH
DSE	DSE
DSE	DSE
SRH	SRH
DSE	DSE
SRH	SRH
SRH	SRH
SRH	SRH
SRH	SRH
DISQ	DISQ
DSE	DISQ
DSE	DSE
DSE	DSE
DMCT	DMCT
SRH	SRH
DMCT	DMCT
SRH	SRH
DMCT	DMCT
SRH	SRH
DMCT	DMCT
DMCT	DMCT
DMCT	DMCT
DISQ	DMCT
DMCT	DMCT
DMCT	DMCT
SRH	SRH
SRH	SRH
SRH	SRH
DMCT	DMCT
DMCT	DMCT
DSE	DSE
DMCT	DMCT
DMCT	DMCT
DISQ	DISQ
DISQ	DMCT
DISQ	DMCT
DISQ	DMCT
DISQ	DMCT
DISQ	DMCT
DISQ	DISQ
DISQ	DMCT
DISQ	DMCT
DISQ	DMCT
DISQ	DMCT
DISQ	DMCT
DISQ	DMCT
DISQ	DMCT
DISQ	DISQ
DMCT	DMCT
DMCT	DMCT
SRH	DMCT
DISQ	DISQ
DMCT	DMCT
DSE	DSE
DSE	DSE
DMCT	DMCT
DMCT	DMCT
DMCT	DMCT
DMCT	DMCT
DSE	DSE
DMCT	DMCT
DSE	DSE
DSE	DSE
DSE	DSE
DSE	DSE
DMCT	DMCT
DSE	DSE
DMCT	DMCT
DMCT	DMCT
DSE	DSE
DSE	DSE
DSE	DSE
DSE	DSE
DSE	DSE
SRH	SRH
DMCT	DMCT
DSE	DSE
DSE	DSE
DSE	DSE
DSE	DSE
DISQ	DMCT
DMCT	DMCT
DMCT	DMCT
DMCT	DMCT
DMCT	DMCT
DMCT	DMCT
DMCT	DMCT
DMCT	DMCT
DSE	DSE
DSE	DSE
DMCT	DMCT
DSE	DSE
DMCT	DMCT
DSE	DSE
DSE	DSE
DSE	DSE
DMCT	DMCT
DMCT	DMCT
DSE	DSE
DSE	DSE
DSE	DISQ
DSE	DSE
SRH	SRH
DSE	DSE
SRH	SRH
DSE	DSE
DSE	DISQ
DSE	DISQ
DSE	DISQ
DSE	DISQ
DSE	DSE
SRH	SRH
DSE	DSE
SRH	SRH
SRH	SRH
DSE	DSE
SRH	SRH
DSE	DSE
SRH	SRH
SRH	SRH
SRH	SRH
SRH	SRH
SRH	SRH
SRH	SRH
SRH	SRH
DMCT	DMCT
SRH	SRH
DISQ	DISQ
DISQ	DISQ
SRH	SRH
SRH	SRH
DSE	DSE
DSE	DSE
DSE	DSE
DSE	DSE
DSE	DSE
DISQ	DISQ
SRH	SRH
DSE	DSE
SRH	SRH
DISQ	DISQ
SRH	SRH
SRH	SRH
SRH	SRH
DSE	DSE
DMCT	DMCT
DMCT	DMCT
DMCT	DMCT
DSE	DSE
DMCT	DMCT
DSE	DSE
DSE	DSE
DMCT	DMCT
DMCT	DMCT
DMCT	DMCT
DMCT	DMCT
DSE	DSE
DMCT	DMCT
DSE	DSE
DMCT	DMCT
DMCT	DMCT
DMCT	DMCT
DMCT	DMCT
DSE	DSE
DMCT	DMCT
DMCT	DMCT
DSE	DSE
DSE	DSE
DSE	DSE
DSE	DSE
DSE	DSE
DSE	DSE
DSE	DSE
DSE	DSE
DSE	DSE
DSE	DSE
DMCT	DMCT
DSE	DSE
SRH	SRH
DMCT	DMCT
DSE	DSE
DSE	DSE
DSE	DSE
DSE	DSE
DSE	DSE
DSE	DSE
DSE	DSE
DSE	DSE
DSE	DSE
DSE	DSE
DSE	DSE
SRH	SRH
DSE	DSE
DSE	DSE
DSE	DSE
DSE	DSE
DSE	DSE
DSE	DSE
DSE	DSE
DSE	DSE
SRH	SRH
DSE	DSE
DSE	DSE
DSE	DSE
DSE	DSE
DSE	DSE
DSE	DSE
DSE	DSE
DSE	DSE
SRH	SRH
DSE	DSE
DSE	DSE
DSE	DSE
SRH	SRH
DSE	DSE
DSE	DSE
SRH	SRH
DSE	DSE
DSE	DSE
DSE	DSE
DSE	DSE
DSE	DSE
DSE	DSE
DSE	DSE
DSE	DSE
DSE	DSE
DSE	DSE
DSE	DSE
DSE	DSE
DSE	DSE
DSE	DSE
DSE	DSE
DSE	DSE
DSE	DSE
DSE	DSE
DSE	DSE
DSE	DSE
DSE	DSE
DSE	DSE
DSE	DSE
DSE	DSE
DSE	DSE
SRH	SRH
SRH	SRH
SRH	SRH
SRH	SRH
SRH	SRH
SRH	SRH
SRH	SRH
SRH	SRH
SRH	SRH
SRH	SRH
SRH	SRH
SRH	SRH
DISQ	DISQ
SRH	SRH
SRH	SRH
SRH	SRH
SRH	SRH
SRH	SRH
SRH	SRH
DMCT	DMCT
DISQ	DISQ
SRH	SRH
DISQ	DISQ
DISQ	DISQ
DISQ	DISQ
DISQ	DISQ
DISQ	DISQ
DISQ	DISQ
DISQ	DISQ
DISQ	DISQ
DISQ	DISQ
DISQ	DISQ
SRH	SRH
SRH	SRH
SRH	SRH
DISQ	DISQ
DISQ	DISQ
DISQ	DISQ
SRH	SRH
SRH	SRH
SRH	SRH
SRH	SRH
SRH	SRH
SRH	SRH
SRH	SRH
SRH	SRH
SRH	SRH
SRH	SRH
DISQ	DISQ
SRH	DSE
SRH	SRH
SRH	SRH
SRH	SRH
SRH	SRH
DSE	DSE
SRH	SRH
DSE	DSE
DSE	DSE
DSE	DSE
SRH	SRH
DSE	DSE
DSE	DSE
SRH	SRH
SRH	SRH
SRH	SRH
DSE	DSE
SRH	SRH
SRH	SRH
SRH	SRH
SRH	SRH
DSE	DSE
SRH	SRH
SRH	SRH
SRH	SRH
SRH	SRH
SRH	SRH
SRH	SRH
SRH	SRH
SRH	SRH
SRH	SRH
SRH	SRH
SRH	SRH
SRH	SRH
SRH	SRH
SRH	SRH
SRH	SRH
DSE	DSE
SRH	SRH
SRH	SRH
DSE	DSE
SRH	SRH
SRH	SRH
DSE	DSE
SRH	SRH
DSE	DSE
SRH	SRH
DSE	DSE
SRH	SRH
DSE	DSE
DSE	DSE
DSE	DSE
SRH	SRH
DSE	DSE
DSE	DSE
DSE	DSE
DSE	DSE
DSE	DSE
SRH	SRH
SRH	SRH
SRH	SRH
SRH	SRH
SRH	SRH
SRH	SRH
SRH	SRH
SRH	SRH
SRH	SRH
SRH	SRH
SRH	SRH
SRH	SRH
SRH	SRH
SRH	SRH
SRH	SRH
SRH	SRH
SRH	SRH
SRH	SRH
SRH	SRH
SRH	SRH
SRH	SRH
SRH	SRH
SRH	SRH
DISQ	DISQ
DMCT	DMCT
SRH	SRH
SRH	SRH
SRH	SRH
SRH	SRH
SRH	SRH
SRH	SRH
DSE	DSE
SRH	SRH
SRH	SRH
SRH	SRH
SRH	SRH
SRH	SRH
SRH	SRH
SRH	SRH
SRH	SRH
SRH	SRH
SRH	SRH
SRH	SRH
DSE	DISQ
DSE	DISQ
DSE	DISQ
DSE	DSE
SRH	SRH
DSE	DISQ
SRH	SRH
SRH	SRH
SRH	SRH
SRH	SRH
DSE	DSE
SRH	SRH
SRH	SRH
SRH	SRH
SRH	SRH
SRH	SRH
SRH	SRH
DMCT	DMCT
DSE	DMCT
DSE	DSE
DSE	DSE
SRH	SRH
SRH	SRH
DMCT	SRH
DMCT	SRH
DMCT	SRH
DMCT	SRH
DMCT	SRH
SRH	SRH
SRH	SRH
SRH	SRH
SRH	SRH
DSE	DSE
DSE	DSE
DSE	DSE
DSE	DSE
DSE	DSE
SFLE	DISQ
DSE	DSE
DISQ	DISQ
DSE	DSE
DSE	DSE
DISQ	DISQ
DSE	DSE
DSE	DSE
DSE	DSE
DSE	DSE
DSE	DSE
DSE	DSE
DSE	DSE
DISQ	DMCT
DSE	DSE
DISQ	DMCT
DSE	DSE
DSE	DSE
DSE	DSE
DSE	DSE
DSE	DSE
DSE	DSE
DSE	DSE
DSE	DSE
DSE	DSE
DSE	DSE
DSE	DSE
DSE	DSE
DISQ	DISQ
DISQ	DISQ
DSE	DSE
DSE	DSE
DISQ	DISQ
DSE	DSE
DSE	DSE
DSE	DSE
DSE	DSE
DSE	DSE
DSE	DSE
DSE	DSE
DSE	DSE
DSE	DSE
DSE	DSE
DISQ	DISQ
DSE	DSE
SFLE	DISQ
DISQ	DISQ
DSE	DSE
DSE	DSE
DSE	DSE
DSE	DSE
DSE	DSE
DSE	DSE
DSE	DSE
DSE	DSE
SRH	SRH
DISQ	DISQ
DISQ	DISQ
DMCT	DISQ
DISQ	DISQ
DMCT	DMCT
DMCT	DMCT
SRH	DMCT
DMCT	DMCT
DISQ	DISQ
SRH	SRH
DMCT	DMCT
DMCT	DISQ
DISQ	DMCT
DISQ	DMCT
DISQ	DMCT
DISQ	DISQ
DMCT	DMCT
DISQ	DISQ
DISQ	DISQ
DISQ	DISQ
DISQ	DISQ
DISQ	DISQ
DISQ	DISQ
DMCT	DISQ
DMCT	DISQ
DISQ	DISQ
DMCT	DISQ
DMCT	DMCT
DISQ	DISQ
DISQ	DISQ
SFLE	DISQ
DISQ	DISQ
DISQ	DISQ
DISQ	DISQ
DMCT	DISQ
DISQ	DISQ
DMCT	DISQ
DMCT	DMCT
SRH	SRH
SRH	SRH
SRH	SRH
DMCT	DMCT
SRH	SRH
SRH	SRH
DMCT	DISQ
DMCT	DMCT
SRH	SRH
DMCT	DMCT
DMCT	DISQ
DMCT	DMCT
SRH	SRH
DMCT	DISQ
SFLE	DISQ
DMCT	DMCT
SFLE	DISQ
DSE	DSE
DMCT	DMCT
SFLE	DISQ
DSE	DSE
SFLE	DISQ
DISQ	DMCT
SFLE	DISQ
SFLE	DISQ
DSE	DSE
SFLE	DISQ
SFLE	DISQ
SFLE	DISQ
SFLE	DISQ
SFLE	DISQ
DMCT	DISQ
SFLE	DISQ
DMCT	DISQ
SFLE	DISQ
SFLE	DISQ
SFLE	DISQ
DSE	DSE
SFLE	DISQ
DMCT	DISQ
DMCT	DISQ
SFLE	DISQ
DMCT	DISQ
SFLE	DISQ
SFLE	DISQ
SFLE	DISQ
SFLE	DISQ
SFLE	DISQ
DSE	DSE
SFLE	DISQ
SFLE	DISQ
SFLE	DISQ
DSE	DSE
SFLE	DISQ
SFLE	DISQ
SFLE	DISQ
DSE	DSE
DSE	DSE
DMCT	DMCT
SFLE	DSE
DISQ	DISQ
DISQ	DISQ
DISQ	DISQ
DMCT	DISQ
DISQ	DISQ
DISQ	DISQ
DMCT	DMCT
DMCT	DMCT
SRH	SRH
DSE	DSE
DMCT	DMCT
DMCT	DMCT
DISQ	DISQ
DISQ	DISQ
DISQ	DISQ
DMCT	DISQ
SFLE	SFLE
DMCT	DISQ
SFLE	SFLE
DMCT	DISQ
DISQ	DISQ
DISQ	DISQ
DMCT	DISQ
DMCT	DISQ
SFLE	DISQ
DMCT	DISQ
DSE	DSE
DSE	DSE
DSE	DSE
DMCT	DISQ
DSE	DSE
DISQ	DISQ
DISQ	DISQ
DMCT	DISQ
DMCT	DMCT
DISQ	DMCT
DMCT	DMCT
DISQ	DISQ
DISQ	DISQ
DSE	DSE
DSE	DSE
DSE	DSE
DSE	DSE
DSE	DSE
DISQ	DISQ
DSE	DSE
DISQ	DMCT
DISQ	DISQ
DISQ	DISQ
DISQ	DISQ
DMCT	DMCT
DMCT	DSE
DMCT	DSE
DMCT	DSE
DSE	DSE
DMCT	DSE
SFLE	DISQ
DMCT	DSE
DMCT	DSE
DMCT	DSE
DSE	SFLE
DMCT	DSE
DMCT	DSE
DMCT	DMCT
SFLE	DISQ
DMCT	DSE
DMCT	DSE
DMCT	DSE
DMCT	DSE
DMCT	DSE
DMCT	DSE
DMCT	DSE
DMCT	DSE
DMCT	DSE
SRH	SRH
DMCT	DSE
DMCT	DSE
DMCT	DSE
DMCT	DSE
DMCT	DSE
DMCT	DSE
DMCT	DSE
DMCT	DSE
DMCT	DSE
DMCT	DSE
DMCT	DSE
DMCT	DSE
DMCT	DSE
DMCT	DSE
DMCT	DSE
DMCT	DSE
DMCT	DSE
DMCT	DSE
DMCT	DSE
DMCT	DSE
DMCT	DSE
DMCT	DSE
DMCT	DSE
DMCT	DSE
DMCT	DSE
DMCT	DSE
DMCT	DSE
DMCT	DSE
DSE	DSE
DMCT	DISQ
DISQ	DISQ
DMCT	DISQ
DMCT	DISQ
DMCT	DSE
DMCT	DISQ
DMCT	DSE
DMCT	DSE
DMCT	DSE
DMCT	DSE
DMCT	DSE
DMCT	DSE
DSE	DSE
DSE	DSE
DSE	DSE
DSE	DSE
DISQ	DISQ
DSE	DSE
DMCT	DSE
DSE	DSE
DMCT	DSE
DMCT	DSE
DMCT	DSE
DMCT	DSE
DMCT	DSE
DMCT	DSE
DMCT	DSE
DMCT	DSE
DMCT	DSE
DMCT	DSE
DMCT	DSE
DISQ	DISQ
DMCT	DSE
DMCT	DSE
DISQ	DISQ
DMCT	DSE
DMCT	DSE
DMCT	DSE
DMCT	DSE
DMCT	DSE
DMCT	DSE
DMCT	DSE
DISQ	DISQ
DMCT	DSE
DMCT	DMCT
DMCT	DSE
DMCT	DSE
DMCT	DMCT
DMCT	DSE
DMCT	DSE
DISQ	DISQ
SRH	SRH
DSE	DSE
DISQ	DISQ
DSE	DSE
DSE	DSE
DISQ	DISQ
DISQ	DISQ
DISQ	DISQ
DSE	DSE
DISQ	DISQ
DSE	DSE
DISQ	DISQ
DSE	DSE
DISQ	DISQ
DMCT	DSE
DSE	DSE
DISQ	DISQ
DMCT	DSE
DMCT	DSE
DMCT	DSE
DMCT	DSE
DMCT	DSE
DMCT	DSE
DMCT	DSE
DISQ	DISQ
DSE	DSE
DMCT	DSE
DMCT	DSE
DMCT	DSE
DMCT	DSE
DSE	DSE
DMCT	DSE
DMCT	DSE
DSE	DSE
DSE	DSE
DMCT	DSE
DMCT	DSE
DISQ	DISQ
DMCT	DSE
DMCT	DSE
DISQ	DISQ
DMCT	DSE
DMCT	DSE
DMCT	DSE
DMCT	DSE
DMCT	DSE
SRH	SRH
DMCT	DSE
DSE	DSE
SRH	SRH
DMCT	DSE
DMCT	DSE
DMCT	DSE
DMCT	DSE
DMCT	DSE
DMCT	DSE
SRH	SRH
SRH	SRH
SRH	SRH
SRH	SRH
SRH	SRH
DMCT	DMCT
DMCT	DMCT
DMCT	DMCT
DMCT	DMCT
DMCT	DMCT
DMCT	DMCT
DMCT	DMCT
DMCT	DMCT
DMCT	DMCT
DSE	DSE
DMCT	DSE
DSE	DSE
DSE	DSE
DMCT	DMCT
DMCT	DMCT
DMCT	DMCT
DMCT	DMCT
DMCT	DSE
DMCT	DMCT
DSE	DSE
DMCT	DMCT
DMCT	DMCT
DMCT	DMCT
DMCT	DMCT
DMCT	DMCT
SRH	SRH
SRH	SRH
SRH	SRH
SRH	SRH
DSE	DMCT
SRH	SRH
SRH	SRH
SRH	SRH
SRH	SRH
SRH	SRH
SRH	SRH
SRH	SRH
DISQ	DISQ
DISQ	DISQ
SRH	SRH
DISQ	DMCT
SRH	SRH
DSE	DSE
DSE	DSE
DSE	DSE
DSE	DSE
SRH	SRH
DSE	DSE
DSE	DSE
DSE	DSE
DSE	DSE
SRH	SRH
SRH	SRH
SRH	SRH
SRH	SRH
SRH	SRH
SRH	SRH
SRH	SRH
SRH	SRH
SRH	SRH
SRH	SRH
SRH	SRH
SRH	SRH
DSE	DSE
DSE	DSE
DMCT	DISQ
DMCT	DMCT
DMCT	DMCT
DMCT	DMCT
DMCT	DMCT
SRH	SRH
SRH	SRH
SRH	SRH
DISQ	DISQ
SRH	SRH
SRH	SRH
SRH	SRH
SRH	SRH
DMCT	DMCT
DSE	DISQ
DSE	DISQ
DSE	DMCT
DSE	DISQ
DSE	DMCT
DSE	DMCT
DMCT	DSE
DMCT	DMCT
DISQ	DISQ
DISQ	DISQ
DMCT	DISQ
DMCT	DMCT
SRH	SRH
DMCT	DMCT
DSE	SRH
DSE	SRH
SRH	SRH
DSE	SRH
SRH	SRH
SRH	SRH
SRH	SRH
DMCT	DMCT
DMCT	DMCT
DMCT	DMCT
DMCT	DMCT
DMCT	DMCT
SRH	SFLE
SRH	SFLE
SRH	SFLE
SRH	SFLE
SRH	SRH
SRH	SRH
SRH	SRH
SRH	SFLE
SRH	SRH
SRH	SRH
SRH	SFLE
SRH	SFLE
SFLE	SRH
SRH	SFLE
SFLE	SRH
SRH	SRH
SRH	SFLE
SRH	SRH
DSE	DSE
SRH	SFLE
SRH	SRH
SRH	SRH
SRH	SRH
SRH	SFLE
SRH	SRH
SFLE	SRH
SRH	SFLE
SRH	SRH
SRH	SRH
SRH	SRH
SRH	SRH
SRH	SRH
SRH	SFLE
DISQ	DISQ
SRH	SRH
DMCT	DMCT
DMCT	DMCT
DMCT	DMCT
SFLE	SFLE
SFLE	SFLE
SFLE	SFLE
SFLE	DISQ
SFLE	SFLE
SRH	SFLE
DSE	DSE
SRH	SRH
SRH	SRH
SRH	SRH
SRH	SRH
SRH	SFLE
SRH	SRH
SFLE	SRH
SRH	SRH
SRH	SRH
DSE	DSE
SRH	SRH
SRH	SRH
SRH	SRH
DSE	DSE
DSE	DSE
SRH	SRH
SRH	SRH
DSE	DSE
SRH	SRH
DSE	DSE
SRH	SRH
SRH	SRH
SRH	SRH
DMCT	DMCT
SRH	SRH
SRH	SRH
SRH	SRH
SRH	SRH
SRH	SRH
SRH	SRH
SRH	SRH
SRH	SRH
SRH	SRH
SRH	SRH
SRH	SRH
SRH	SRH
SRH	SRH
SRH	SRH
SRH	SRH
SRH	SRH
DSE	DSE
DSE	DSE
DSE	DSE
DSE	DSE
SRH	SRH
SRH	SRH
SRH	SRH
SRH	SRH
DSE	DSE
DSE	DSE
DSE	DSE
SRH	SRH
DSE	DSE
DSE	DSE
DSE	DSE
DSE	DSE
DSE	DSE
SRH	SRH
SRH	SRH
DSE	DSE
SRH	SRH
SRH	SRH
DSE	DSE
DSE	DSE
DSE	DSE
DSE	DSE
DSE	DSE
SRH	SRH
DSE	DSE
SRH	SRH
DMCT	DMCT
SRH	SRH
SRH	SRH
SRH	SRH
SRH	SRH
SRH	SRH
SRH	SRH
SRH	SRH
SRH	SRH
SRH	SRH
SRH	SRH
SRH	SRH
DSE	DSE
SRH	SRH
DISQ	DMCT
DSE	DSE
SRH	SRH
SRH	SRH
DSE	DSE
SRH	SRH
SRH	SRH
DISQ	DISQ
DSE	DSE
DSE	DSE
SRH	SRH
SRH	SRH
SRH	SRH
SRH	SRH
SRH	SRH
SRH	SRH
SRH	SRH
SRH	SRH
SRH	SRH
SRH	SRH
DMCT	DMCT
SRH	SRH
SFLE	SRH
SRH	SRH
SRH	SRH
DMCT	DMCT
SRH	SRH
SRH	SRH
DISQ	DISQ
DISQ	DISQ
DISQ	DISQ
SRH	SRH
SRH	SRH
SRH	SRH
DISQ	DISQ
DISQ	DISQ
SRH	SRH
SRH	SRH
SRH	SRH
SRH	SRH
SRH	SRH
DSE	SFLE
SRH	DSE
SFLE	SFLE
DSE	DSE
SFLE	SFLE
DSE	DSE
DSE	DSE
SRH	SRH
SRH	SRH
SRH	SRH
SRH	SRH
SRH	SRH
SRH	SRH
SRH	SRH
SRH	SRH
SRH	SRH
SRH	SRH
SRH	SRH
SRH	SRH
SRH	SRH
SRH	SRH
SRH	SRH
SRH	SRH
SRH	SRH
SRH	SRH
SRH	SRH
SRH	SRH
SRH	SRH
SRH	SRH
SRH	SRH
SRH	SRH
SRH	SRH
SRH	SRH
DISQ	DISQ
DISQ	DISQ
DSE	DSE
DSE	DSE
DSE	DSE
DSE	DSE
DSE	DSE
SRH	SRH
DSE	DSE
SRH	SRH
SRH	SRH
DSE	DSE
DSE	DSE
SRH	SRH
SRH	SRH
DSE	DSE
DSE	DSE
SRH	SRH
SRH	SRH
DSE	DSE
DSE	DSE
SRH	SRH
DMCT	DMCT
DSE	DSE
DSE	DSE
DSE	DSE
SRH	SRH
DSE	DSE
SRH	SRH
DSE	DSE
SRH	SRH
DMCT	DMCT
DSE	DSE
SRH	SRH
DSE	DSE
SRH	SRH
DSE	DSE
DSE	DSE
DSE	DSE
DSE	DSE
DSE	DSE
DSE	DSE
DSE	DSE
DMCT	DISQ
DMCT	DISQ
DSE	DSE
DMCT	DMCT
DSE	DSE
DSE	DSE
DSE	DSE
DISQ	DISQ
DISQ	DISQ
DSE	DSE
DSE	DSE
DSE	DSE
DSE	DSE
DISQ	DISQ
DSE	DSE
DISQ	DISQ
DSE	DSE
DSE	DSE
DSE	DSE
DISQ	DISQ
DISQ	DISQ
DISQ	DISQ
SFLE	SRH
DISQ	DISQ
DISQ	DISQ
DISQ	DISQ
DISQ	DISQ
DISQ	DISQ
DISQ	DISQ
DISQ	DISQ
DSE	DSE
DISQ	DISQ
DISQ	DISQ
DISQ	DISQ
DISQ	DISQ
DISQ	DISQ
DISQ	DISQ
DISQ	DISQ
DISQ	DISQ
DISQ	DISQ
DISQ	DISQ
DISQ	DISQ
DISQ	DISQ
DISQ	DISQ
DISQ	DISQ
DISQ	DISQ
DISQ	DISQ
DISQ	DISQ
DISQ	DISQ
DISQ	DISQ
DISQ	DISQ
DISQ	DISQ
DISQ	DISQ
DISQ	DISQ
DISQ	DISQ
DISQ	DISQ
DISQ	DISQ
SFLE	SRH
DISQ	DISQ
DISQ	DISQ
DISQ	DISQ
DISQ	DISQ
DMCT	DISQ
SRH	SRH
DISQ	DISQ
DISQ	DISQ
DISQ	DISQ
DISQ	DISQ
DISQ	DISQ
DSE	DSE
DSE	DSE
DSE	DSE
DSE	DSE
DSE	DSE
SRH	SRH
DISQ	DISQ
DSE	DSE
DISQ	DISQ
SRH	SRH
DISQ	DISQ
DISQ	DISQ
DISQ	DISQ
DSE	DSE
SRH	SRH
SRH	SRH
DSE	DSE
DSE	DSE
DSE	DSE
DSE	DSE
DSE	DSE
DSE	DSE
DSE	DSE
DSE	DSE
DSE	DSE
DSE	DSE
DSE	DSE
DSE	DSE
DSE	DSE
DSE	DSE
DSE	DSE
DSE	DSE
DSE	DSE
DSE	DSE
DSE	DSE
DSE	DSE
DSE	DSE
DSE	DSE
DSE	DSE
DSE	DSE
DSE	DSE
DMCT	DISQ
DISQ	DISQ
DSE	DSE
DMCT	DMCT
DMCT	DMCT
DSE	DSE
DSE	DSE
DSE	DSE
DSE	DSE
DSE	DSE
DSE	DSE
DISQ	DISQ
DSE	DSE
DSE	DSE
SRH	SRH
DSE	DSE
DSE	DSE
DMCT	DMCT
DMCT	DMCT
DSE	DSE
SRH	SRH
DSE	DSE
SRH	SRH
SRH	SRH
DMCT	DMCT
SRH	SRH
SRH	SRH
SRH	SRH
SRH	SRH
SRH	SRH
SRH	SRH
SRH	SRH
DMCT	DSE
DMCT	DSE
DMCT	DMCT
DMCT	DMCT
DISQ	DISQ
DSE	DSE
DISQ	DISQ
DSE	DSE
SRH	SRH
DISQ	DISQ
DSE	DSE
DSE	DSE
DSE	DSE
DISQ	DISQ
DISQ	DISQ
DISQ	DISQ
DSE	DSE
DSE	DSE
DISQ	DISQ
DMCT	DMCT
DMCT	DMCT
DMCT	DMCT
DISQ	DISQ
DMCT	DMCT
DMCT	DMCT
DMCT	DMCT
DISQ	DISQ
DSE	DSE
DMCT	DMCT
DMCT	DMCT
DMCT	DMCT
DSE	DSE
DSE	DSE
DSE	DSE
DSE	DSE
DSE	DSE
DSE	DSE
DSE	DSE
DSE	DSE
DSE	DSE
DSE	DSE
DSE	DSE
DSE	DSE
DSE	DSE
DSE	DSE
DSE	DSE
SRH	SRH
DSE	DSE
SRH	SRH
DMCT	DMCT
DSE	DSE
SRH	SRH
DMCT	DMCT
DMCT	DMCT
SFLE	DMCT
SFLE	DMCT
DSE	DSE
DSE	DSE
DSE	DSE
SRH	SRH
SFLE	DMCT
SRH	SRH
SFLE	DMCT
DSE	DSE
SRH	SRH
SRH	SRH
SRH	SRH
SRH	SRH
DSE	DISQ
SRH	SRH
SRH	SRH
DSE	DSE
SRH	SRH
SRH	SRH
SRH	SRH
DSE	DSE
SRH	SRH
SRH	SRH
SRH	SRH
SRH	SRH
SRH	DSE
SRH	SRH
SRH	SRH
SRH	SRH
SRH	SRH
SRH	SRH
SRH	SRH
SRH	SRH
SRH	SRH
SRH	SRH
DISQ	DISQ
DISQ	DISQ
SRH	SRH
DMCT	DMCT
DMCT	DMCT
SRH	SRH
SRH	SRH
SRH	SRH
DSE	DMCT
DSE	DSE
DSE	DSE
DSE	DSE
DSE	DSE
SRH	SRH
DSE	DSE
DSE	DSE
DSE	DSE
DSE	DSE
DSE	DSE
DSE	DSE
DSE	DSE
DMCT	DMCT
SRH	SRH
DMCT	SRH
SFLE	DISQ
DSE	DSE
DSE	DSE
DISQ	DISQ
DMCT	SRH
DMCT	SRH
DMCT	DMCT
SRH	SRH
SRH	SRH
SFLE	DISQ
DISQ	DISQ
DMCT	DMCT
DISQ	DISQ
DMCT	DSE
DMCT	DSE
DMCT	DSE
SFLE	DISQ
SFLE	DISQ
DMCT	DISQ
SFLE	DMCT
DMCT	DMCT
DMCT	DISQ
DMCT	DISQ
DMCT	DISQ
DMCT	DISQ
DMCT	DISQ
DMCT	DISQ
DMCT	DISQ
DMCT	DISQ
DMCT	DISQ
DISQ	DISQ
DMCT	DISQ
DMCT	DISQ
DSE	DSE
DISQ	DISQ
DMCT	DISQ
DMCT	DISQ
DMCT	DISQ
DMCT	DISQ
DSE	DSE
DMCT	DISQ
DSE	DSE
DMCT	DISQ
DSE	DSE
DMCT	DISQ
DISQ	DISQ
DISQ	DSE
DSE	DSE
DMCT	DSE
DSE	DSE
DISQ	DSE
DMCT	DSE
DSE	DSE
DMCT	DISQ
DMCT	DISQ
DSE	DSE
DISQ	DSE
DSE	DSE
DSE	DISQ
DMCT	DISQ
DMCT	DISQ
DISQ	DISQ
DMCT	DISQ
DISQ	DISQ
DISQ	DISQ
DMCT	DSE
DSE	DSE
DMCT	DISQ
DISQ	DISQ
DSE	DSE
DISQ	DISQ
DISQ	DISQ
SRH	SRH
DSE	DSE
DSE	DSE
DSE	DSE
DSE	DSE
DSE	DSE
DMCT	DMCT
DSE	DSE
DSE	DSE
DSE	DSE
DSE	DSE
DSE	DSE
DSE	DSE
DSE	DSE
DSE	DSE
DSE	DSE
DSE	DSE
DSE	DSE
DSE	DSE
DSE	DSE
DSE	DSE
DSE	DSE
DISQ	DISQ
DSE	DSE
DSE	DSE
DSE	DSE
DSE	DSE
DSE	DSE
DSE	DSE
DSE	DSE
DSE	DSE
DSE	DSE
DSE	DSE
DSE	DSE
DSE	DSE
DSE	DSE
SRH	SRH
SRH	SRH
SRH	SRH
SRH	SRH
DISQ	DISQ
DISQ	DISQ
DISQ	DISQ
SFLE	DISQ
DISQ	DISQ
SRH	SRH
SRH	SRH
DSE	DSE
DMCT	DMCT
DMCT	DMCT
DMCT	DMCT
DSE	DSE
DSE	DSE
DSE	DSE
DSE	DSE
DSE	DSE
DMCT	DMCT
DSE	DSE
DSE	DSE
SRH	SRH
SRH	SRH
SRH	SRH
SRH	SRH
SRH	SRH
SRH	SRH
SRH	SRH
SRH	SRH
SRH	SRH
SRH	SRH
SRH	SRH
SRH	SRH
SRH	SRH
SRH	SRH
SRH	SRH
SRH	SRH
SRH	SRH
DISQ	DISQ
SRH	SRH
SRH	SRH
DSE	DISQ
DSE	DISQ
DSE	DISQ
DSE	DISQ
DSE	DISQ
DSE	DISQ
DSE	DISQ
SRH	SRH
SRH	SRH
SRH	SRH
SRH	SRH
SRH	SRH
DSE	DSE
DSE	DSE
DSE	DSE
DSE	DSE
DSE	DSE
DSE	DSE
SRH	SRH
DSE	DSE
SRH	SRH
DSE	DSE
SRH	SRH
DSE	DSE
SRH	SRH
SRH	SRH
SRH	SRH
DSE	DSE
DMCT	DSE
DSE	DSE
SRH	SRH
SRH	SRH
SRH	SRH
DMCT	DMCT
SRH	SRH
DSE	DSE
SRH	SRH
SRH	SRH
DSE	DSE
SRH	SRH
SRH	SRH
SRH	SRH
SRH	SRH
SRH	SRH
SRH	SRH
SRH	SRH
SRH	SRH
SRH	SRH
DSE	DSE
DSE	DSE
DSE	DSE
DSE	DSE
DSE	DSE
DSE	DSE
DSE	DSE
DSE	DSE
DSE	DSE
DSE	DSE
DSE	DSE
DSE	DSE
DSE	DSE
DSE	DSE
DSE	DSE
DSE	DSE
DSE	DSE
DSE	DSE
DSE	DSE
DSE	DSE
DSE	DSE
DSE	DSE
DSE	DSE
DISQ	DISQ
DISQ	DISQ
DMCT	DMCT
DISQ	DISQ
SFLE	DISQ
DISQ	DISQ
DISQ	DISQ
DISQ	DISQ
DISQ	DISQ
DISQ	DISQ
DISQ	DISQ
DISQ	DISQ
DISQ	DISQ
DISQ	DISQ
DISQ	DISQ
DISQ	DISQ
DISQ	DISQ
DISQ	DISQ
DISQ	DISQ
DISQ	DISQ
DISQ	DISQ
DISQ	DISQ
SFLE	DISQ
SFLE	DISQ
SFLE	DISQ
DMCT	DMCT
DISQ	DISQ
DMCT	DMCT
DMCT	DMCT
DMCT	DMCT
DMCT	DMCT
DMCT	DMCT
DMCT	DMCT
DMCT	DMCT
DMCT	DMCT
DSE	DMCT
DMCT	DMCT
DMCT	DMCT
DMCT	DMCT
SFLE	DSE
DSE	DMCT
DSE	DSE
DSE	DSE
DSE	DSE
DSE	DSE
DSE	DSE
DSE	DSE
DSE	DSE
DSE	DSE
DSE	DSE
DSE	DSE
DSE	DSE
DSE	DSE
DSE	DSE
DSE	DSE
SRH	SRH
SRH	SRH
SRH	SRH
SRH	SRH
SRH	SRH
DSE	DSE
SRH	SRH
DSE	DSE
DSE	DSE
DSE	DSE
DSE	DSE
DSE	DSE
DSE	DSE
DSE	DSE
DSE	DSE
DSE	DSE
DSE	DSE
DSE	DSE
DSE	DSE
DSE	DSE
DSE	DSE
DSE	DSE
DSE	DSE
DSE	DSE
DSE	DSE
DSE	DSE
DSE	DSE
DSE	DSE
DSE	DSE
SRH	SRH
DSE	DSE
DSE	DSE
DSE	DSE
DSE	DSE
DSE	DSE
DSE	DSE
DSE	DSE
DSE	DSE
DSE	DSE
DSE	DSE
DSE	DSE
DSE	DSE
DSE	DSE
DSE	DSE
DSE	DSE
DSE	DSE
DSE	DSE
DSE	DSE
DSE	DSE
DSE	DSE
DSE	DSE
DSE	DSE
DSE	DSE
DSE	DSE
DSE	DSE
DSE	DSE
DSE	DSE
DSE	DSE
DSE	DSE
DSE	DSE
DSE	DSE
DSE	DSE
DSE	DSE
DSE	DSE
DSE	DSE
DSE	DSE
DMCT	DSE
DSE	DSE
DMCT	DMCT
DMCT	DMCT
DSE	DSE
DSE	DSE
DSE	DSE
DSE	DSE
DMCT	DMCT
DSE	DSE
DMCT	DMCT
DSE	DSE
DSE	DSE
DSE	DSE
DSE	DSE
DSE	DSE
DSE	DSE
DMCT	DMCT
DMCT	DMCT
DSE	DSE
DSE	DSE
DMCT	DMCT
DSE	DSE
DSE	DSE
DSE	DSE
DSE	DSE
DSE	DSE
DSE	DSE
DSE	DSE
DSE	DSE
DSE	DSE
DSE	DSE
DSE	DSE
DSE	DSE
DSE	DSE
DSE	DSE
DSE	DSE
DSE	DSE
DSE	DSE
DSE	DSE
DSE	DSE
DSE	DSE
DSE	DSE
DSE	DSE
DSE	DSE
DSE	DSE
DSE	DSE
DSE	DSE
DSE	DSE
DSE	DSE
DSE	DSE
DSE	DSE
DSE	DSE
DSE	DSE
DSE	DSE
DSE	DSE
DSE	DSE
DSE	DSE
DSE	DSE
SRH	SRH
SRH	SRH
DSE	DSE
DSE	DSE
DSE	DSE
DSE	DSE
DSE	DSE
DISQ	DSE
DSE	DSE
DSE	DSE
DSE	DSE
DMCT	DSE
DMCT	DMCT
DMCT	DMCT
DMCT	DMCT
DMCT	DSE
DMCT	DMCT
DMCT	DMCT
DMCT	DMCT
SRH	SRH
DMCT	DMCT
DMCT	DMCT
DMCT	DMCT
DMCT	DMCT
SRH	SRH
DMCT	DMCT
SRH	SRH
DMCT	DMCT
DSE	DSE
DSE	DSE
DMCT	DMCT
DSE	DSE
DMCT	DMCT
DSE	DSE
DMCT	DSE
DMCT	DMCT
DMCT	DMCT
DMCT	DMCT
DMCT	DMCT
DMCT	DMCT
DMCT	DMCT
DMCT	DMCT
DMCT	DMCT
DMCT	DMCT
DISQ	DSE
DISQ	DSE
DMCT	DMCT
DMCT	DMCT
DSE	DSE
DMCT	DMCT
SRH	SRH
DMCT	DMCT
DMCT	DMCT
DISQ	DISQ
DISQ	DISQ
DISQ	DISQ
SRH	SRH
SRH	SRH
DSE	DSE
DISQ	DISQ
SRH	SRH
DSE	DSE
DMCT	DMCT
DSE	DSE
DMCT	DMCT
DSE	DSE
DMCT	SRH
SRH	SRH
SFLE	DMCT
DMCT	DSE
DMCT	DMCT
DMCT	DSE
DMCT	SRH
DMCT	SRH
DMCT	SRH
DMCT	SRH
SFLE	DMCT
SRH	SRH
SFLE	DMCT
SRH	SRH
DMCT	SRH
DMCT	DSE
DMCT	SRH
DMCT	DSE
DISQ	DISQ
DMCT	DMCT
DMCT	DMCT
DMCT	DSE
DISQ	DSE
DISQ	DISQ
DMCT	DISQ
DISQ	DISQ
SRH	SRH
SRH	SRH
DISQ	DISQ
DMCT	DMCT
DMCT	DMCT
DMCT	SRH
DMCT	DMCT
DMCT	DMCT
DISQ	DISQ
DMCT	SRH
SRH	SRH
DMCT	SRH
DMCT	SRH
DMCT	SRH
DSE	DSE
DSE	DSE
DSE	DSE
DSE	DSE
SRH	SRH
SRH	SRH
DMCT	SRH
DMCT	SRH
DMCT	SRH
DMCT	SRH
DMCT	SRH
DMCT	SRH
DMCT	SRH
DMCT	SRH
DSE	DSE
DMCT	SRH
SRH	SRH
DISQ	DISQ
DISQ	DISQ
DISQ	DISQ
SRH	SRH
SRH	SRH
DMCT	SRH
DSE	DISQ
DMCT	SRH
SRH	SRH
DSE	DSE
DMCT	SRH
DMCT	SRH
DMCT	SRH
DMCT	SRH
DSE	DSE
DISQ	DISQ
DSE	DSE
DISQ	DISQ
DISQ	DISQ
DMCT	SRH
DISQ	DISQ
DMCT	SRH
DMCT	SRH
SRH	SRH
DMCT	SRH
DMCT	SRH
SRH	SRH
DSE	DSE
SRH	SRH
DMCT	SRH
DMCT	SRH
DMCT	SRH
SRH	SRH
DMCT	SRH
SRH	SRH
DMCT	SRH
SRH	SRH
DSE	DSE
DSE	DSE
DSE	DSE
DSE	DSE
DSE	DSE
DSE	DSE
DSE	DSE
DSE	DSE
DSE	DSE
SFLE	DSE
DMCT	SRH
SRH	SRH
SFLE	DSE
DSE	DSE
DSE	DSE
DSE	DSE
DSE	DSE
DSE	DSE
DSE	DSE
DSE	DSE
DISQ	DISQ
SRH	SRH
DSE	DSE
DSE	DSE
DSE	DSE
DSE	DSE
DSE	DSE
DSE	DSE
SRH	SRH
DSE	DSE
DSE	DSE
DSE	DSE
DISQ	DMCT
DSE	DSE
SRH	SRH
SRH	SRH
DSE	DSE
DSE	DSE
DSE	DSE
DSE	DSE
DSE	DSE
DMCT	DMCT
DSE	DSE
DSE	DSE
DMCT	DMCT
SRH	SRH
DSE	DSE
SRH	SRH
DISQ	DISQ
SRH	SRH
DMCT	DSE
DMCT	DSE
DSE	DSE
DSE	DSE
DSE	DSE
SRH	SRH
SRH	SRH
DMCT	DMCT
DMCT	DMCT
DMCT	DMCT
DMCT	DMCT
DMCT	DMCT
SRH	SRH
SRH	SRH
DMCT	DMCT
DMCT	DMCT
DMCT	DMCT
DMCT	DMCT
DMCT	DMCT
DMCT	DMCT
DMCT	DISQ
DSE	DSE
DMCT	DSE
DSE	DSE
SRH	SRH
DSE	DSE
SRH	SRH
DMCT	DMCT
DMCT	DMCT
DISQ	DISQ
DSE	DSE
DMCT	DMCT
DMCT	DMCT
DMCT	DMCT
SRH	SRH
DMCT	DMCT
DISQ	DISQ
SRH	SRH
DMCT	DMCT
SRH	SRH
SRH	SRH
DMCT	DMCT
DSE	DSE
DSE	DSE
DMCT	DMCT
DMCT	DMCT
DMCT	DMCT
SRH	SRH
DMCT	DMCT
SRH	SRH
DMCT	DMCT
DMCT	DMCT
SRH	SRH
DMCT	DMCT
SRH	SRH
DMCT	DMCT
DMCT	DMCT
DMCT	DMCT
DMCT	DMCT
DMCT	DMCT
DMCT	DMCT
DMCT	DMCT
DMCT	DMCT
DMCT	DSE
DMCT	DMCT
DMCT	DMCT
DISQ	DISQ
DISQ	DISQ
DISQ	DISQ
DMCT	DMCT
DMCT	DMCT
DISQ	DISQ
DMCT	DMCT
DISQ	DISQ
DISQ	DISQ
DISQ	DISQ
DISQ	DISQ
DISQ	DISQ
DMCT	DSE
DISQ	DISQ
DISQ	DISQ
DISQ	DISQ
DISQ	DISQ
DISQ	DISQ
DISQ	DISQ
DISQ	DISQ
SRH	SRH
SRH	SRH
SRH	SRH
SRH	SRH
SRH	SRH
SRH	SRH
SRH	SRH
SRH	SRH
SRH	SRH
SRH	SRH
SRH	SRH
SRH	SRH
SRH	SRH
SRH	SRH
SRH	SRH
SRH	SRH
SRH	SRH
SRH	SRH
SRH	SRH
SRH	SRH
SRH	SRH
SRH	SRH
SRH	SRH
SRH	SRH
SRH	SRH
SRH	SRH
DMCT	DSE
SRH	SRH
SRH	SRH
SRH	SRH
SRH	SRH
DISQ	DISQ
SRH	SRH
SRH	SRH
SRH	SRH
DISQ	DISQ
DISQ	DISQ
DISQ	DISQ
DISQ	DISQ
DISQ	DISQ
DISQ	DISQ
DISQ	DISQ
DISQ	DISQ
DISQ	DISQ
DISQ	DISQ
DISQ	DISQ
DISQ	DISQ
DISQ	DISQ
DISQ	DISQ
DISQ	DISQ
DISQ	DISQ
DISQ	DISQ
DISQ	DISQ
SRH	SRH
DISQ	DISQ
DISQ	DISQ
DISQ	DISQ
DISQ	DISQ
DSE	DSE
DISQ	DISQ
DISQ	DISQ
DISQ	DISQ
DISQ	DISQ
DISQ	DISQ
DISQ	DISQ
DISQ	DISQ
DISQ	DISQ
DISQ	DISQ
DISQ	DISQ
SRH	SRH
DISQ	DISQ
DMCT	DMCT
SRH	SRH
SRH	SRH
SRH	SRH
DSE	DSE
DSE	DISQ
DSE	DSE
DSE	DSE
DSE	DSE
DSE	DSE
DSE	DSE
DSE	DSE
DSE	DSE
DMCT	DMCT
DISQ	DISQ
DISQ	DISQ
DISQ	DISQ
DISQ	DISQ
DISQ	DISQ
DISQ	DISQ
DISQ	DISQ
DISQ	DISQ
DISQ	DISQ
DISQ	DISQ
DISQ	DISQ
DISQ	DISQ
DISQ	DISQ
DISQ	DISQ
DISQ	DISQ
DISQ	DISQ
DISQ	DISQ
DISQ	DISQ
SRH	SRH
SRH	SRH
SRH	SRH
DISQ	DISQ
DMCT	DMCT
SRH	SRH
SRH	SRH
DISQ	DISQ
SRH	SRH
SRH	SRH
SRH	SRH
SRH	SRH
DSE	DSE
SRH	SRH
SRH	SRH
DSE	DSE
DSE	DSE
DSE	DSE
DSE	DSE
DSE	DSE
DSE	DSE
DSE	DSE
DSE	DSE
DSE	DSE
DISQ	DISQ
DSE	DSE
DISQ	DISQ
DSE	DSE
DISQ	DISQ
DSE	DSE
DISQ	DISQ
SRH	SRH
DSE	DSE
SRH	SRH
DSE	DSE
DISQ	DISQ
DISQ	DISQ
DISQ	DISQ
DISQ	DISQ
DISQ	DISQ
DSE	DSE
DISQ	DISQ
DSE	DSE
DISQ	DISQ
DISQ	DISQ
DISQ	DISQ
DISQ	DISQ
DISQ	DISQ
DISQ	DISQ
DISQ	DISQ
DISQ	DISQ
DISQ	DISQ
DISQ	DISQ
DISQ	DISQ
DISQ	DISQ
DISQ	DISQ
DISQ	DISQ
DISQ	DISQ
DISQ	DISQ
DISQ	DISQ
SRH	SRH
DISQ	DISQ
DISQ	DISQ
DISQ	DISQ
DISQ	DISQ
DISQ	DISQ
DISQ	DISQ
DISQ	DISQ
DISQ	DISQ
DISQ	DISQ
DISQ	DISQ
DMCT	DMCT
DMCT	DMCT
DMCT	DMCT
DMCT	DMCT
SRH	SRH
SRH	SRH
DMCT	DMCT
DMCT	DMCT
SRH	SRH
SFLE	DSE
DMCT	DMCT
SFLE	DSE
SFLE	DSE
SFLE	DSE
SFLE	DSE
SRH	SRH
SFLE	DSE
DMCT	DMCT
SRH	SRH
SFLE	DSE
DMCT	DMCT
SFLE	DSE
DMCT	DMCT
DMCT	DMCT
SFLE	DSE
DMCT	DMCT
SFLE	DSE
DMCT	DMCT
DMCT	DMCT
SFLE	DSE
DMCT	DMCT
SFLE	DSE
DMCT	DMCT
DMCT	DMCT
DMCT	DMCT
DMCT	DMCT
DMCT	DMCT
DSE	DSE
DSE	DSE
DMCT	DSE
DSE	DSE
SRH	SRH
SRH	SRH
SRH	SRH
SRH	SRH
SRH	SRH
SRH	SRH
SRH	SRH
SRH	SRH
SRH	SRH
DISQ	DISQ
SRH	SRH
SRH	SRH
SRH	SRH
SRH	SRH
SRH	SRH
SRH	SRH
SRH	SRH
SRH	SRH
SRH	SRH
DMCT	DSE
SRH	SRH
SRH	SRH
SRH	SRH
SRH	SRH
SRH	SRH
SRH	SRH
SRH	SRH
SRH	SRH
SRH	SRH
SRH	SRH
SRH	SRH
SRH	SRH
SRH	SRH
SRH	SRH
SRH	SRH
SRH	SRH
SRH	SRH
SRH	SRH
SRH	SRH
SRH	SRH
SRH	SRH
SRH	SRH
SRH	SRH
SRH	SRH
SRH	SRH
SRH	SRH
SRH	SRH
SRH	SRH
SRH	SRH
SRH	SRH
SRH	SRH
SRH	SRH
SRH	SRH
SRH	SRH
DSE	DSE
SRH	SRH
SRH	SRH
SRH	SRH
SRH	SRH
DSE	DISQ
SRH	SRH
SRH	SRH
DSE	DISQ
SRH	SRH
SRH	SRH
SRH	SRH
SRH	SRH
SRH	SRH
DSE	DISQ
SRH	SRH
DSE	DISQ
SRH	SRH
DSE	DISQ
SRH	SRH
SRH	SRH
SRH	SRH
SRH	SRH
SRH	SRH
SRH	SRH
SRH	SRH
SRH	SRH
SRH	SRH
SRH	SRH
SRH	SRH
SRH	SRH
SRH	SRH
SRH	SRH
SRH	SRH
SRH	SRH
SRH	SRH
SRH	SRH
DSE	DSE
SRH	SRH
SRH	SRH
SRH	SRH
SRH	SRH
SRH	SRH
SRH	SRH
SRH	SRH
SRH	SRH
SRH	SRH
SRH	SRH
SRH	SRH
SRH	SRH
SRH	SRH
SRH	SRH
SRH	SRH
SRH	SRH
SRH	SRH
SRH	SRH
SRH	SRH
SRH	SRH
SRH	SRH
SRH	SRH
SRH	SRH
SRH	SRH
SRH	SRH
SRH	SRH
DMCT	DMCT
SRH	SRH
DISQ	DISQ
SRH	SRH
SRH	SRH
SRH	SRH
SRH	SRH
SRH	SRH
SRH	SRH
SRH	SRH
SRH	SRH
SRH	SRH
SRH	SRH
SRH	SRH
SRH	SRH
SRH	SRH
SRH	SRH
SRH	SRH
SRH	SRH
SRH	SRH
SRH	SRH
SRH	SRH
SRH	SRH
SRH	SRH
DISQ	DISQ
DISQ	DISQ
SRH	SRH
SRH	SRH
DMCT	DMCT
SRH	SRH
DMCT	DMCT
DSE	DSE
DMCT	DMCT
DSE	DSE
DMCT	DMCT
SRH	SRH
SRH	SRH
DSE	DSE
DSE	DSE
SRH	SRH
DSE	DSE
DSE	DSE
SRH	SRH
DISQ	DISQ
SRH	SRH
SRH	SRH
SRH	SRH
DMCT	DMCT
DMCT	DMCT
DMCT	DMCT
SRH	SRH
SRH	SRH
SRH	SRH
SRH	SRH
SRH	SRH
SRH	SRH
SRH	SRH
SRH	SRH
SRH	SRH
SRH	SRH
DMCT	DMCT
SRH	SRH
SRH	SRH
DISQ	DISQ
SRH	SRH
DISQ	DISQ
DISQ	DISQ
DISQ	DISQ
DISQ	DISQ
DSE	DSE
DISQ	DISQ
DSE	DISQ
DISQ	DISQ
DISQ	DISQ
DMCT	DMCT
DISQ	DISQ
DISQ	DISQ
DISQ	DISQ
DISQ	DISQ
DISQ	DISQ
SRH	SRH
DSE	DISQ
SRH	SRH
SRH	SRH
DSE	DISQ
SRH	SRH
DSE	DISQ
SRH	SRH
DSE	DISQ
DSE	DISQ
SRH	SRH
DSE	DISQ
DSE	DISQ
SRH	SRH
DSE	DISQ
DSE	DISQ
DSE	DSE
SRH	SRH
SRH	SRH
SRH	SRH
DSE	DSE
DMCT	DMCT
DMCT	DMCT
DISQ	DISQ
DISQ	DISQ
SRH	SRH
DISQ	DISQ
DSE	DSE
DSE	DSE
SRH	SRH
DSE	DSE
SRH	SRH
SRH	SRH
SRH	SRH
DSE	DSE
DSE	DSE
DSE	DSE
DSE	DSE
DSE	DSE
SRH	SRH
SRH	SRH
DSE	DSE
SRH	SRH
DSE	DSE
DSE	DSE
SRH	SRH
DSE	DSE
DSE	DSE
DSE	DSE
DSE	DSE
SRH	SRH
SRH	SRH
SRH	SRH
SRH	SRH
SRH	SRH
SRH	SRH
SRH	SRH
SRH	SRH
SRH	SRH
SRH	SRH
SRH	SRH
SRH	SRH
SRH	SRH
SRH	SRH
SRH	SRH
SRH	SRH
SRH	SRH
DSE	DSE
DSE	DSE
DSE	DISQ
DSE	DISQ
DSE	DSE
SRH	SRH
SRH	SRH
SRH	SRH
DSE	DSE
SRH	SRH
SRH	DSE
SRH	SRH
DMCT	DMCT
DMCT	DSE
DMCT	DMCT
DMCT	DMCT
DMCT	DMCT
DSE	DSE
DSE	DSE
DSE	DSE
DMCT	DMCT
DSE	DSE
DMCT	DMCT
DSE	DSE
DSE	DSE
DMCT	DSE
DISQ	DISQ
DSE	DSE
DMCT	DSE
DMCT	DSE
DSE	DSE
DMCT	DSE
DMCT	DSE
DMCT	DSE
DMCT	DMCT
DISQ	DISQ
DMCT	DSE
DMCT	DSE
DISQ	DISQ
DSE	DSE
DMCT	DSE
DSE	DSE
DSE	DSE
DSE	DSE
DMCT	DSE
DSE	DSE
DISQ	DISQ
DSE	DSE
DISQ	DISQ
DSE	DSE
DSE	DSE
DISQ	DISQ
DMCT	DSE
DSE	DSE
DISQ	DISQ
DMCT	DSE
DISQ	DISQ
DISQ	DISQ
DISQ	DISQ
DISQ	DISQ
DISQ	DISQ
DMCT	DSE
DISQ	DISQ
DISQ	DISQ
DISQ	DISQ
DISQ	DISQ
DMCT	DSE
DISQ	DISQ
DSE	DSE
DMCT	DSE
DMCT	DSE
DMCT	DSE
DMCT	DSE
DMCT	DSE
DMCT	DSE
DMCT	DSE
DSE	DSE
DSE	DSE
DSE	DSE
DMCT	DSE
DMCT	DSE
DMCT	DSE
DMCT	DSE
DSE	DSE
DMCT	DSE
DMCT	DSE
SFLE	SFLE
DMCT	DSE
DMCT	DMCT
DMCT	DSE
DSE	DSE
DMCT	DSE
DMCT	DMCT
DMCT	DSE
DSE	DSE
DSE	DSE
DSE	DSE
SRH	SRH
DSE	DSE
DSE	DSE
DSE	DSE
DSE	DSE
DSE	DSE
SRH	SRH
DSE	DSE
DSE	DSE
SRH	SRH
SRH	SRH
DSE	DSE
SRH	SRH
DSE	DSE
SRH	SRH
DSE	DSE
SRH	SRH
DSE	DSE
SRH	SRH
SRH	SRH
DSE	DSE
DSE	DSE
DSE	DSE
DSE	DSE
DSE	DSE
DSE	DSE
DSE	DSE
DSE	DSE
DSE	DSE
DSE	DSE
DSE	DSE
DSE	DSE
DISQ	DISQ
DSE	DSE
DSE	DSE
DISQ	DMCT
SRH	DMCT
DMCT	DMCT
DSE	DSE
DSE	DSE
DISQ	DISQ
DISQ	DISQ
DSE	DSE
DSE	DSE
DMCT	DMCT
DSE	DSE
SRH	DMCT
SRH	DMCT
SRH	DMCT
SRH	DMCT
SRH	DMCT
DMCT	DMCT
SRH	SRH
DSE	DSE
DSE	DSE
SRH	DMCT
SRH	DMCT
SRH	SRH
DSE	DSE
DSE	DSE
DSE	DSE
DSE	DSE
SRH	SRH
SRH	SRH
SRH	DMCT
SRH	DMCT
SRH	DMCT
SRH	DMCT
SRH	DMCT
SRH	DMCT
SRH	DMCT
SRH	DMCT
SRH	DMCT
SRH	DMCT
SRH	DMCT
SRH	DMCT
SRH	DMCT
SRH	DMCT
SRH	DMCT
SRH	DMCT
SRH	DMCT
SRH	DMCT
DSE	DSE
SRH	DMCT
SRH	DMCT
SRH	DMCT
DSE	DSE
DSE	DSE
SRH	DMCT
DISQ	DISQ
DISQ	DISQ
DSE	DSE
SRH	DMCT
DSE	DSE
SRH	DMCT
SRH	DMCT
DSE	DSE
DSE	DSE
DSE	DSE
SRH	DMCT
DSE	DSE
DSE	DSE
DSE	DSE
DSE	DSE
SRH	DMCT
DSE	DSE
SRH	DMCT
DSE	DSE
DSE	DSE
DSE	DSE
DSE	DSE
SRH	DMCT
DSE	DSE
SRH	DMCT
DSE	DSE
SRH	DMCT
DSE	DSE
SRH	DMCT
DSE	DSE
SRH	SFLE
DSE	DSE
DSE	DSE
DSE	DSE
DSE	DSE
DSE	DSE
DSE	DSE
DSE	DSE
DSE	DSE
DSE	DSE
DSE	DSE
DSE	DSE
DSE	DSE
SRH	DSE
SRH	DSE
DSE	DSE
DSE	DSE
DSE	DSE
DSE	DSE
SRH	SRH
DSE	DSE
DSE	DSE
DMCT	DMCT
DISQ	DISQ
DISQ	DISQ
DSE	DSE
SRH	DMCT
DSE	DSE
SRH	DMCT
SRH	SRH
DSE	DSE
DSE	DSE
DSE	DSE
DSE	DSE
DSE	DSE
DSE	DSE
DSE	DSE
DSE	DSE
DSE	DSE
DSE	DSE
DSE	DSE
DSE	DSE
DSE	DSE
DMCT	DMCT
DMCT	DMCT
DMCT	DMCT
DSE	DSE
DSE	DSE
DSE	DSE
SRH	SRH
SRH	SRH
SRH	SRH
DMCT	DMCT
SRH	SRH
SRH	SRH
SRH	SRH
DMCT	DMCT
DISQ	DISQ
DISQ	DISQ
SFLE	DISQ
DSE	DSE
DMCT	DMCT
DMCT	DMCT
DMCT	DMCT
DMCT	DMCT
DSE	DSE
DSE	DSE
DSE	DSE
DMCT	DSE
DSE	DSE
DSE	DSE
DSE	DSE
DSE	DSE
DSE	DSE
DSE	DSE
DSE	DSE
DSE	DSE
DSE	DSE
DMCT	DSE
DISQ	DISQ
DMCT	DSE
DSE	DSE
DISQ	DISQ
DSE	DSE
SRH	SRH
SRH	SRH
SRH	SRH
SRH	SRH
SRH	SRH
SRH	SRH
SRH	SRH
SRH	SRH
SRH	SRH
SRH	SRH
DSE	DSE
DMCT	DMCT
DSE	DSE
DSE	DSE
DSE	DSE
DSE	DSE
SRH	SRH
SRH	SRH
DMCT	DSE
DMCT	DSE
DSE	DSE
DSE	DSE
DSE	DSE
DSE	DSE
DSE	DSE
DISQ	DISQ
DSE	DSE
DSE	DSE
DSE	DSE
DSE	DSE
DSE	DSE
DSE	DSE
DSE	DSE
DSE	DSE
DISQ	DISQ
DSE	DSE
DISQ	DISQ
DISQ	DISQ
DISQ	DISQ
SRH	SRH
SRH	SRH
SRH	SRH
SRH	SRH
SRH	SRH
DISQ	DISQ
SRH	SRH
DISQ	DISQ
DISQ	DISQ
SRH	SRH
SRH	SRH
SRH	SRH
DMCT	DMCT
DISQ	DISQ
SRH	SRH
SRH	SRH
SRH	SRH
SRH	SRH
SRH	SRH
DISQ	DISQ
SRH	SRH
SRH	SRH
SRH	SRH
DISQ	DISQ
SRH	SRH
SRH	SRH
SRH	SRH
DMCT	DISQ
SRH	SRH
DMCT	DISQ
DISQ	DISQ
SRH	SRH
DISQ	DISQ
SRH	SRH
SRH	SRH
SRH	SRH
DISQ	DISQ
SRH	DSE
SRH	SRH
DSE	DSE
SRH	SRH
SRH	SRH
SRH	SRH
DMCT	DSE
DMCT	DSE
DMCT	DSE
DMCT	DSE
DSE	DSE
DSE	DSE
DMCT	DSE
DMCT	DSE
DMCT	DSE
DMCT	DMCT
DMCT	DSE
DMCT	DMCT
DMCT	DSE
DMCT	DMCT
DMCT	DMCT
DMCT	DSE
DMCT	DSE
DMCT	DSE
DMCT	DSE
DMCT	DSE
DMCT	DSE
DMCT	DMCT
DMCT	DMCT
DMCT	DMCT
DMCT	DMCT
DMCT	DMCT
DMCT	DMCT
DMCT	DMCT
DMCT	DMCT
DMCT	DMCT
DISQ	DISQ
DMCT	DMCT
DMCT	DMCT
DMCT	DMCT
DMCT	DMCT
DMCT	DMCT
DMCT	DMCT
DMCT	DMCT
DMCT	DMCT
DMCT	DMCT
DMCT	DMCT
DMCT	DMCT
DMCT	DMCT
DMCT	DMCT
DMCT	DMCT
DMCT	DMCT
DMCT	DMCT
DMCT	DMCT
DMCT	DMCT
DMCT	DMCT
DMCT	DMCT
DMCT	DMCT
DMCT	DMCT
DMCT	DMCT
DMCT	DMCT
DMCT	DMCT
DMCT	DMCT
DMCT	DMCT
DMCT	DMCT
SRH	SRH
DMCT	DMCT
DMCT	DMCT
DMCT	DMCT
DMCT	DMCT
DISQ	DISQ
DISQ	DISQ
DMCT	DMCT
DMCT	DMCT
DMCT	DMCT
DISQ	DISQ
DMCT	DMCT
DISQ	DISQ
DMCT	DMCT
DMCT	DMCT
DMCT	DMCT
DMCT	DMCT
DMCT	DMCT
DISQ	DISQ
DMCT	DMCT
DMCT	DMCT
DMCT	DMCT
DMCT	DMCT
DMCT	DMCT
DMCT	DMCT
DMCT	DMCT
DMCT	DMCT
DMCT	DMCT
DMCT	DMCT
DMCT	DMCT
DMCT	DMCT
DMCT	DMCT
DMCT	DMCT
SRH	SRH
SRH	SRH
DMCT	DMCT
SRH	SRH
DMCT	DMCT
DMCT	DMCT
DMCT	DMCT
DMCT	DMCT
DMCT	DMCT
DMCT	DMCT
DMCT	DMCT
DMCT	DMCT
DMCT	DMCT
DMCT	DMCT
DMCT	DMCT
DMCT	DMCT
DMCT	DMCT
DMCT	DMCT
DMCT	DMCT
DMCT	DMCT
DMCT	DMCT
DMCT	DMCT
DMCT	DMCT
DMCT	DMCT
DMCT	DMCT
DMCT	DMCT
DMCT	DMCT
DMCT	DMCT
DMCT	DMCT
DMCT	DMCT
DMCT	DMCT
DMCT	DMCT
DMCT	DMCT
DMCT	DMCT
DMCT	DMCT
DMCT	DMCT
DMCT	DMCT
DMCT	DMCT
DMCT	DMCT
DMCT	DMCT
DMCT	DMCT
DMCT	DMCT
DMCT	DMCT
DMCT	DMCT
DMCT	DMCT
DMCT	DMCT
DMCT	DMCT
DMCT	DMCT
DMCT	DMCT
DMCT	DMCT
DMCT	DMCT
DMCT	DMCT
DMCT	DMCT
DMCT	DMCT
DMCT	DMCT
DMCT	DMCT
DMCT	DMCT
DMCT	DMCT
DMCT	DMCT
DMCT	DMCT
DMCT	DMCT
DMCT	DMCT
DMCT	DMCT
DMCT	DMCT
DMCT	DMCT
DMCT	DMCT
DMCT	DMCT
DMCT	DMCT
DMCT	DMCT
DMCT	DMCT
DMCT	DMCT
DMCT	DMCT
DMCT	DMCT
DMCT	DMCT
DMCT	DMCT
DMCT	DMCT
DMCT	DMCT
DMCT	DMCT
DMCT	DMCT
DMCT	DMCT
DMCT	DMCT
DMCT	DMCT
DMCT	DMCT
DMCT	DMCT
DMCT	DMCT
DMCT	DMCT
DMCT	DMCT
DMCT	DMCT
DMCT	DMCT
DMCT	DMCT
DMCT	DMCT
DMCT	DMCT
DMCT	DMCT
DMCT	DMCT
DMCT	DMCT
DMCT	DMCT
DISQ	DISQ
DMCT	DMCT
DMCT	DMCT
DMCT	DMCT
DMCT	DMCT
DMCT	DMCT
DMCT	DMCT
DMCT	DMCT
DISQ	DISQ
DMCT	DMCT
DMCT	DMCT
DMCT	DMCT
DMCT	DMCT
DMCT	DMCT
DMCT	DMCT
DISQ	DISQ
DMCT	DMCT
DMCT	DMCT
DMCT	DMCT
DMCT	DMCT
DMCT	DMCT
DMCT	DMCT
DMCT	DMCT
DMCT	DMCT
DMCT	DMCT
DMCT	DMCT
DMCT	DMCT
DMCT	DMCT
DMCT	DMCT
DMCT	DMCT
DMCT	DMCT
DMCT	DMCT
DMCT	DMCT
DMCT	DMCT
DMCT	DMCT
DMCT	DMCT
DMCT	DMCT
DMCT	DMCT
DMCT	DMCT
DMCT	DMCT
DISQ	DISQ
DISQ	DISQ
DISQ	DISQ
DISQ	DISQ
DMCT	DMCT
DMCT	DMCT
DMCT	DMCT
DMCT	DMCT
SRH	DMCT
DMCT	DMCT
SRH	SRH
DSE	DISQ
DMCT	DMCT
DMCT	DMCT
SRH	SRH
DMCT	DMCT
DMCT	DMCT
DMCT	DMCT
DSE	DISQ
DSE	DISQ
DMCT	DMCT
DSE	DISQ
DMCT	DMCT
DMCT	DMCT
DMCT	DMCT
DSE	DSE
DMCT	DMCT
DMCT	DMCT
DMCT	DSE
DSE	DISQ
DSE	DISQ
DMCT	DMCT
DSE	DISQ
DMCT	DMCT
DMCT	DMCT
DSE	DISQ
DSE	DISQ
DMCT	DMCT
DMCT	DMCT
DSE	DISQ
DMCT	DMCT
DSE	DISQ
DSE	DSE
DSE	DSE
DSE	DSE
DSE	DSE
DSE	DSE
DSE	DSE
SRH	SRH
DSE	DSE
SRH	SRH
SRH	DSE
DSE	DSE
DSE	DSE
DMCT	DSE
DMCT	DSE
DSE	DSE
DSE	DSE
SRH	DSE
DMCT	DSE
DMCT	DSE
DMCT	DSE
DMCT	DSE
DMCT	DSE
DMCT	DSE
DMCT	DMCT
DMCT	DMCT
DMCT	DMCT
DSE	DISQ
DSE	DSE
DSE	DISQ
DMCT	DISQ
DMCT	DSE
DSE	DISQ
DSE	DISQ
DISQ	DSE
DSE	DISQ
DSE	DSE
DSE	DISQ
DMCT	DISQ
DMCT	DSE
DMCT	DSE
DSE	DSE
DSE	DSE
DSE	DSE
DSE	DSE
SRH	SRH
SRH	SRH
SRH	SRH
SRH	SRH
DMCT	DSE
DSE	DSE
DMCT	DSE
DMCT	DSE
DSE	DMCT
DMCT	DSE
DSE	DSE
SFLE	DSE
DISQ	DISQ
DMCT	DSE
DMCT	DSE
DISQ	DISQ
DSE	DMCT
DMCT	DSE
DMCT	DSE
DISQ	DISQ
DMCT	DSE
DMCT	DSE
DMCT	DSE
DMCT	DSE
DMCT	DSE
DMCT	DMCT
DSE	DSE
SRH	SRH
DSE	SRH
SRH	SRH
SRH	SRH
SRH	SRH
SRH	SRH
DMCT	DSE
DMCT	DSE
DSE	DSE
DSE	DSE
DSE	DSE
DSE	DSE
DSE	DSE
DSE	DSE
DSE	DSE
DSE	DSE
DSE	DSE
DSE	DSE
DSE	DSE
DSE	DSE
DMCT	DMCT
DSE	DSE
DSE	DSE
DSE	DSE
DSE	DSE
DSE	DSE
DSE	DSE
DSE	DSE
DSE	DSE
DSE	DSE
DSE	DSE
DSE	DSE
DSE	DSE
DMCT	DMCT
DSE	DSE
DSE	DSE
DMCT	DMCT
DSE	DSE
DSE	DSE
DSE	DSE
DMCT	DSE
DSE	DSE
DSE	DSE
DMCT	DSE
DMCT	DSE
DMCT	DSE
DMCT	DSE
DMCT	DSE
DSE	DSE
DSE	DSE
DSE	DSE
DSE	DSE
DSE	DSE
DSE	DSE
DSE	DSE
DSE	DSE
DSE	DSE
DSE	DSE
DSE	DSE
DSE	DSE
DSE	DSE
DSE	DSE
DSE	DSE
DSE	DSE
DSE	DSE
DSE	DSE
DSE	DSE
DSE	DSE
DSE	DSE
DSE	DSE
DSE	DSE
DSE	DSE
DSE	DSE
DSE	DSE
DSE	DSE
DSE	DSE
DSE	DSE
DSE	DSE
DMCT	DMCT
DSE	DSE
DMCT	DMCT
DSE	DSE
DSE	DSE
DISQ	DISQ
DISQ	DISQ
DISQ	DISQ
DISQ	DISQ
DISQ	DISQ
DISQ	DISQ
DSE	DSE
SRH	SRH
SRH	SRH
DMCT	DMCT
DMCT	DMCT
DSE	DSE
DSE	DSE
DSE	DSE
DISQ	DISQ
DISQ	DISQ
DSE	DSE
DMCT	DSE
DMCT	DSE
DSE	DSE
DMCT	DSE
DSE	DSE
DISQ	DISQ
DSE	DSE
DISQ	DISQ
DSE	DSE
DISQ	DISQ
DSE	DSE
DISQ	DISQ
DISQ	DISQ
SRH	SRH
SRH	SRH
SRH	SRH
SRH	SRH
SRH	SRH
SRH	SRH
SRH	SRH
SRH	SRH
DSE	DSE
SRH	SRH
SRH	SRH
SRH	SRH
SRH	SRH
DSE	DSE
SRH	SRH
DSE	DSE
DSE	DSE
DSE	DSE
DSE	DSE
DSE	DSE
DSE	DSE
DSE	DSE
DMCT	SRH
DMCT	SRH
DMCT	SRH
DSE	DSE
DMCT	DISQ
SRH	SRH
DMCT	DISQ
DSE	DSE
DMCT	DISQ
DSE	DSE
DMCT	DISQ
DMCT	DISQ
DMCT	DISQ
DISQ	DISQ
DSE	DSE
SRH	DSE
DSE	DSE
DSE	DSE
DISQ	DMCT
DSE	DSE
DISQ	DMCT
DSE	DSE
DISQ	DMCT
DSE	DSE
DISQ	DISQ
DSE	DSE
DSE	DSE
DISQ	DMCT
DSE	DSE
DISQ	DMCT
DISQ	DMCT
DSE	DSE
DISQ	DMCT
DSE	DSE
DMCT	DISQ
DISQ	DMCT
DSE	DSE
DMCT	DISQ
DISQ	DMCT
DSE	DSE
DISQ	DMCT
DISQ	DMCT
DISQ	DMCT
DISQ	DMCT
DMCT	DISQ
DISQ	DMCT
DISQ	DMCT
DMCT	DISQ
DMCT	DISQ
DMCT	DISQ
DISQ	DMCT
DSE	SRH
SRH	SRH
SRH	SRH
SRH	SRH
SRH	SRH
SRH	SRH
SRH	SRH
SRH	SRH
SRH	SRH
SRH	SRH
SRH	SRH
SRH	SRH
DSE	DSE
SRH	SRH
DSE	DSE
DMCT	DMCT
DSE	DSE
DMCT	SRH
DSE	DSE
DMCT	SRH
DSE	DSE
SRH	SRH
SRH	SRH
SRH	SRH
SRH	SRH
DMCT	DISQ
SRH	SRH
SRH	SRH
SRH	SRH
DMCT	DMCT
SRH	SRH
DMCT	DMCT
DMCT	DMCT
DMCT	DMCT
DMCT	DMCT
DMCT	DMCT
DMCT	DMCT
DMCT	DMCT
DMCT	DISQ
DMCT	DISQ
DMCT	DISQ
DMCT	DISQ
DMCT	DISQ
DMCT	DMCT
DMCT	DISQ
SRH	SRH
DMCT	DISQ
SRH	SRH
DMCT	DISQ
DMCT	DISQ
DMCT	DISQ
DMCT	DISQ
DMCT	DISQ
DMCT	DISQ
DMCT	DISQ
DMCT	DSE
DMCT	DISQ
DMCT	DISQ
SRH	SRH
DMCT	DISQ
DMCT	DISQ
SRH	SRH
DMCT	DISQ
DMCT	DISQ
DMCT	DISQ
DMCT	DISQ
DMCT	DMCT
DMCT	DISQ
DMCT	DISQ
DMCT	DMCT
DMCT	DISQ
DMCT	DMCT
DMCT	DISQ
DMCT	DISQ
DMCT	DISQ
DMCT	DISQ
DMCT	DISQ
DMCT	DISQ
DISQ	DISQ
DMCT	DISQ
SRH	SRH
SRH	SRH
SRH	SRH
SRH	SRH
DMCT	DISQ
DMCT	DISQ
DMCT	DISQ
DMCT	DISQ
DMCT	DISQ
DSE	DSE
DSE	DSE
DSE	DSE
DSE	DSE
DMCT	DMCT
DSE	DSE
DMCT	SRH
DMCT	SRH
DMCT	SRH
DMCT	SRH
SRH	SRH
DSE	DSE
SRH	SRH
SRH	SRH
DMCT	DSE
DSE	DSE
DISQ	DISQ
DMCT	DSE
DMCT	DSE
DISQ	DISQ
DISQ	DISQ
DMCT	DSE
DMCT	DSE
DSE	DSE
SRH	SRH
DISQ	DMCT
SRH	SRH
DISQ	DMCT
DISQ	DISQ
DSE	DSE
SRH	SRH
DISQ	DISQ
DSE	DSE
DSE	DSE
DSE	DSE
SRH	SRH
DSE	DSE
SRH	SRH
DSE	DSE
DISQ	DMCT
DISQ	DMCT
DSE	DSE
DISQ	DISQ
DISQ	DMCT
SRH	SRH
DISQ	DISQ
SRH	SRH
DISQ	DISQ
SRH	SRH
DISQ	DISQ
SRH	SRH
DISQ	DISQ
SRH	SRH
SRH	SRH
SRH	SRH
DISQ	DISQ
DISQ	DISQ
SRH	SRH
DISQ	DISQ
DISQ	DISQ
DISQ	DISQ
DISQ	DISQ
SRH	SRH
DISQ	DISQ
DSE	DSE
DISQ	DISQ
DISQ	DISQ
DISQ	DISQ
DISQ	DISQ
DISQ	DISQ
DISQ	DISQ
DMCT	DSE
DISQ	DISQ
DMCT	DMCT
DMCT	DMCT
DISQ	DISQ
DMCT	DMCT
DMCT	DMCT
DISQ	DISQ
DMCT	DMCT
DISQ	DISQ
DMCT	DMCT
DISQ	DISQ
DMCT	DMCT
DISQ	DISQ
DISQ	DISQ
DISQ	DISQ
DMCT	DMCT
DSE	DSE
DSE	DSE
DSE	SRH
SRH	SRH
DSE	SRH
DMCT	DSE
SRH	SRH
DMCT	DSE
DSE	SRH
SRH	SRH
DMCT	DSE
DSE	SRH
DMCT	DSE
DMCT	DSE
DSE	SRH
DMCT	DSE
DSE	SRH
DSE	SRH
DSE	SRH
DSE	SRH
DSE	DSE
SRH	SRH
DSE	DSE
SRH	SRH
DISQ	DISQ
DISQ	DISQ
SRH	SRH
DSE	DSE
DISQ	DISQ
DSE	SRH
DISQ	DISQ
DSE	SRH
DISQ	DISQ
DSE	SRH
DISQ	DISQ
DSE	SRH
DSE	DSE
DISQ	DISQ
DSE	SRH
SRH	SRH
DSE	SRH
SRH	SRH
DSE	SRH
SRH	SRH
DSE	SRH
SRH	SRH
DSE	SRH
SRH	SRH
DMCT	SRH
SRH	SRH
DMCT	SRH
DSE	SRH
SRH	SRH
DSE	SRH
SRH	SRH
DSE	SRH
SRH	SRH
DSE	SRH
DISQ	DISQ
DSE	SRH
SRH	SRH
DSE	SRH
SRH	SRH
SRH	SRH
DSE	SRH
SRH	SRH
DSE	SRH
SRH	SRH
DSE	SRH
SRH	SRH
DSE	SRH
DMCT	DSE
SRH	SRH
DSE	SRH
SRH	SRH
DSE	SRH
SRH	SRH
DSE	SRH
DSE	SRH
DSE	SRH
DSE	SRH
DSE	DSE
DSE	SRH
DSE	SRH
DSE	SRH
SRH	SRH
SRH	SRH
SRH	SRH
SRH	SRH
SRH	SRH
SRH	SRH
DSE	SRH
SRH	SRH
DSE	SRH
SRH	SRH
SRH	SRH
SRH	SRH
SRH	SRH
SRH	SRH
SRH	SRH
SRH	SRH
SRH	SRH
SRH	SRH
SRH	SRH
SRH	SRH
SRH	SRH
SRH	SRH
SRH	SRH
DSE	SRH
DSE	SRH
SRH	SRH
DSE	DISQ
DSE	DISQ
DSE	DSE
DSE	DISQ
DSE	DSE
DSE	DSE
DSE	DSE
DSE	DSE
DSE	DSE
DSE	DSE
DSE	DSE
DSE	DSE
DSE	DSE
DSE	DSE
DSE	DSE
DSE	DSE
DSE	DSE
DSE	DSE
DSE	DSE
DSE	DSE
DSE	DSE
DSE	DSE
DSE	DSE
DSE	DSE
SRH	SRH
SRH	SRH
SRH	SRH
SRH	SRH
SRH	SRH
DSE	DISQ
DSE	DISQ
DSE	DISQ
DISQ	DISQ
SRH	SRH
SRH	SRH
DSE	DISQ
SRH	SRH
SRH	SRH
SRH	SRH
SRH	SRH
SRH	SRH
DMCT	DMCT
DMCT	DMCT
DMCT	DMCT
DMCT	DMCT
SRH	SRH
SRH	SRH
DSE	DSE
DSE	DSE
DSE	DSE
DSE	DSE
DSE	DSE
DSE	DSE
DSE	DSE
DSE	DSE
DSE	DSE
DSE	DSE
DSE	DSE
DSE	DSE
DSE	DSE
DSE	DSE
DSE	DSE
DSE	DSE
DSE	DSE
DSE	DSE
DSE	DSE
DSE	DSE
DSE	DSE
DSE	DSE
SRH	SRH
SRH	SRH
SRH	SRH
SRH	SRH
DSE	DSE
DSE	DSE
DSE	DSE
SRH	SRH
SRH	SRH
SRH	SRH
SRH	SRH
SRH	SRH
SRH	SRH
SRH	SRH
DSE	DSE
SRH	SRH
SRH	SRH
SRH	SRH
SRH	SRH
DMCT	SRH
SRH	SRH
SRH	SRH
SRH	SRH
SRH	SRH
SRH	SRH
SRH	SRH
DSE	DSE
SRH	SRH
SRH	SRH
DSE	DSE
SRH	SRH
SRH	SRH
DSE	DSE
SRH	SRH
SRH	SRH
SRH	SRH
SRH	SRH
SRH	SRH
SRH	SRH
SRH	SRH
SRH	SRH
SRH	SRH
SRH	SRH
SRH	SRH
SRH	SRH
SRH	SRH
SRH	SRH
SRH	SRH
DSE	DSE
DSE	DSE
SRH	SRH
SRH	SRH
SRH	SRH
DSE	DSE
SRH	SRH
DSE	DSE
SRH	SRH
DISQ	DISQ
SRH	SRH
SRH	SRH
SRH	SRH
DISQ	DISQ
DISQ	DISQ
DSE	DSE
DISQ	DISQ
SRH	SRH
SRH	SRH
DISQ	DISQ
SRH	SRH
DISQ	DISQ
SRH	SRH
SRH	DISQ
DSE	DSE
SRH	SRH
SRH	SRH
DISQ	DISQ
SRH	SRH
SFLE	DSE
SRH	DISQ
DISQ	DISQ
SRH	DISQ
SRH	SRH
DSE	DSE
DSE	SRH
SRH	SRH
SRH	SRH
SRH	SRH
SRH	SRH
SRH	SRH
SRH	SRH
DISQ	DISQ
SRH	SRH
SRH	SRH
SRH	SRH
SRH	SRH
SRH	SRH
SRH	SRH
DISQ	DISQ
SRH	SRH
DISQ	DISQ
DISQ	DISQ
DISQ	DISQ
SRH	SRH
DISQ	DISQ
SRH	SRH
DISQ	DISQ
SRH	SRH
SRH	SRH
DISQ	DISQ
SRH	SRH
SRH	SRH
SRH	SRH
SRH	SRH
DSE	DSE
SRH	SRH
DISQ	DISQ
SRH	SRH
SRH	SRH
DISQ	DISQ
SRH	SRH
SRH	SRH
SRH	SRH
DSE	DSE
DSE	DSE
SRH	SRH
DSE	DSE
SRH	SRH
DSE	DSE
SRH	SRH
SRH	SRH
SRH	SRH
SRH	SRH
SRH	SRH
SRH	SRH
SRH	SRH
SRH	SRH
SRH	SRH
SRH	SRH
SRH	SRH
DMCT	DMCT
DMCT	DMCT
SRH	SRH
SRH	SRH
DMCT	DMCT
DMCT	DMCT
DMCT	DMCT
DMCT	DMCT
DMCT	DMCT
DMCT	DMCT
SRH	SRH
SRH	SRH
SRH	SRH
SRH	SRH
SRH	SRH
SRH	SRH
SRH	SRH
SRH	SRH
SRH	SRH
SRH	SRH
DSE	DSE
SRH	SRH
DSE	DSE
DSE	DSE
SRH	SRH
SRH	SRH
DSE	DSE
SRH	SRH
DMCT	DMCT
DISQ	DISQ
DMCT	DMCT
DMCT	DMCT
DMCT	DMCT
DMCT	DMCT
DISQ	DISQ
SRH	SRH
DMCT	DMCT
SRH	SRH
SRH	SRH
DMCT	DMCT
DMCT	DMCT
DSE	DSE
DMCT	DMCT
SRH	SRH
SRH	SRH
DSE	DSE
DMCT	DMCT
DSE	DISQ
DSE	DSE
DMCT	DMCT
SRH	SRH
DMCT	DMCT
DSE	DISQ
DSE	DISQ
DMCT	DMCT
DSE	DISQ
DMCT	DMCT
SRH	SRH
DSE	DISQ
DMCT	DMCT
DSE	DISQ
DMCT	DMCT
DSE	DISQ
DSE	DISQ
DMCT	DMCT
DMCT	DMCT
DMCT	DMCT
DSE	DSE
DSE	DSE
DISQ	DISQ
DMCT	DMCT
DSE	DISQ
DISQ	DISQ
DMCT	DMCT
DSE	DSE
SRH	SRH
SRH	SRH
DISQ	DISQ
DMCT	DMCT
DSE	DISQ
DMCT	DMCT
SRH	SRH
DMCT	DMCT
SRH	SRH
DSE	DSE
DMCT	DMCT
SRH	SRH
DMCT	DMCT
SRH	SRH
DMCT	DMCT
SRH	SRH
DMCT	DMCT
DISQ	DISQ
DMCT	DMCT
DSE	DSE
DSE	DSE
DISQ	DISQ
SRH	SRH
DISQ	DISQ
DMCT	DMCT
DMCT	DMCT
SRH	SRH
SRH	SRH
SRH	SRH
DISQ	DISQ
DSE	DSE
DSE	DSE
SRH	SFLE
DMCT	DMCT
DSE	DISQ
SRH	SRH
SRH	SFLE
DISQ	DISQ
DISQ	DISQ
SRH	SRH
DMCT	DMCT
DMCT	DMCT
SRH	SRH
DMCT	DMCT
DMCT	DMCT
SRH	SRH
SRH	SRH
DMCT	DMCT
SRH	SRH
DMCT	DMCT
SRH	SRH
DISQ	DISQ
SRH	SRH
DMCT	DMCT
DISQ	DISQ
DMCT	DMCT
DMCT	DMCT
DMCT	DMCT
DMCT	DMCT
DSE	DSE
DMCT	DMCT
DISQ	DISQ
SRH	SRH
DMCT	DMCT
DISQ	DISQ
DMCT	DMCT
DISQ	DISQ
DISQ	DISQ
DMCT	DMCT
DISQ	DISQ
DMCT	DMCT
DISQ	DISQ
DMCT	DMCT
DMCT	DMCT
DMCT	DMCT
DISQ	DISQ
DMCT	DMCT
SRH	SRH
SRH	SRH
DMCT	DMCT
DMCT	DMCT
SRH	SRH
DMCT	DMCT
SRH	SRH
DISQ	DISQ
DSE	DISQ
DISQ	DISQ
SRH	SRH
DISQ	DISQ
DISQ	DISQ
DISQ	DISQ
SRH	SRH
DISQ	DISQ
DISQ	DISQ
DSE	DISQ
SRH	SRH
DISQ	DISQ
DMCT	DMCT
DISQ	DISQ
DISQ	DISQ
DISQ	DISQ
SRH	SRH
DISQ	DISQ
DISQ	DISQ
DISQ	DISQ
SRH	SRH
DISQ	DISQ
SRH	SRH
DISQ	DISQ
DMCT	DMCT
DISQ	DISQ
SRH	SRH
DISQ	DISQ
DISQ	DISQ
SRH	SRH
DSE	DISQ
SRH	SRH
DISQ	DISQ
DMCT	DMCT
DISQ	DISQ
DISQ	DISQ
DMCT	DMCT
DISQ	DISQ
DMCT	DMCT
DISQ	DISQ
DMCT	DMCT
DSE	DISQ
DISQ	DISQ
DSE	DISQ
DISQ	DISQ
DISQ	DISQ
DISQ	DISQ
DMCT	DMCT
SRH	SRH
DISQ	DISQ
DMCT	DMCT
DISQ	DISQ
DMCT	DMCT
DISQ	DISQ
DMCT	DMCT
DISQ	DISQ
SRH	SRH
DISQ	DISQ
SRH	SRH
DISQ	DISQ
DMCT	DMCT
DMCT	DMCT
SRH	SRH
DMCT	DMCT
SRH	SRH
DSE	SRH
DMCT	DMCT
DSE	DSE
SRH	SRH
DSE	DSE
SRH	SRH
DMCT	DMCT
DSE	DSE
DMCT	DMCT
DMCT	DMCT
DSE	DISQ
DMCT	DMCT
SRH	SRH
SRH	SRH
DSE	DISQ
DMCT	DMCT
SRH	SRH
SRH	SRH
SRH	SRH
DMCT	DMCT
SRH	SRH
SRH	DSE
SRH	SRH
SRH	SRH
SRH	SRH
DMCT	DMCT
SRH	SRH
DMCT	DMCT
DMCT	DMCT
DMCT	DMCT
DMCT	DMCT
SRH	SRH
DISQ	DISQ
DMCT	DMCT
DISQ	DISQ
DMCT	DMCT
DISQ	DISQ
DISQ	DISQ
DISQ	DISQ
SRH	SRH
DISQ	DISQ
DISQ	DISQ
SRH	SRH
DISQ	DISQ
SRH	SRH
SRH	SRH
SRH	SRH
DSE	DSE
DISQ	DISQ
DISQ	DISQ
DISQ	DISQ
DISQ	DISQ
DSE	DISQ
SRH	SRH
DMCT	DMCT
SRH	SRH
SRH	SRH
SRH	SRH
SRH	SRH
DSE	DSE
SRH	SRH
DSE	DMCT
SRH	SRH
DSE	DSE
SRH	SRH
SRH	SRH
SRH	SRH
DSE	DISQ
SRH	SRH
SRH	SRH
DMCT	DMCT
SRH	SRH
SRH	SRH
DMCT	DMCT
DSE	DISQ
DMCT	DMCT
DSE	DSE
DMCT	DMCT
DMCT	DMCT
DSE	DISQ
SRH	SRH
DSE	DSE
DSE	DISQ
SRH	SRH
DSE	DISQ
SRH	SRH
SRH	SRH
DSE	DISQ
SRH	SRH
SRH	SRH
DSE	DISQ
SRH	SRH
DSE	DISQ
SRH	SRH
DSE	DISQ
SRH	SRH
DSE	DISQ
SRH	SRH
DSE	DISQ
DSE	DISQ
SRH	SRH
DSE	DISQ
DSE	DISQ
DMCT	DMCT
DSE	DISQ
DMCT	DMCT
DMCT	DMCT
DMCT	DMCT
DMCT	DMCT
SRH	SRH
DSE	DSE
SRH	SRH
SRH	SRH
DSE	DSE
SRH	DSE
SRH	SRH
DSE	DISQ
DSE	DSE
DSE	DISQ
SRH	SRH
DSE	DSE
DSE	DSE
DSE	DSE
DSE	DSE
SRH	SRH
DSE	DSE
DSE	DSE
DSE	DMCT
DSE	DSE
DSE	DSE
DSE	DSE
DSE	DSE
DSE	DSE
DSE	DSE
DMCT	DMCT
DSE	DSE
DSE	DSE
DMCT	DMCT
DMCT	DMCT
DSE	DSE
DSE	DSE
DSE	DSE
DSE	DMCT
DSE	DSE
DSE	DMCT
DSE	DSE
DMCT	DMCT
DSE	DSE
DSE	DSE
SRH	SRH
DSE	DSE
DSE	DSE
DSE	DSE
SRH	SRH
DSE	DSE
DSE	DSE
DSE	DSE
DMCT	DMCT
SRH	SRH
DSE	DSE
DMCT	DMCT
DSE	DSE
DMCT	DMCT
DSE	DSE
DSE	DSE
DMCT	DMCT
DMCT	DSE
DSE	DSE
DMCT	DSE
DSE	DSE
DSE	DSE
DSE	DSE
DSE	DSE
DSE	DSE
DSE	DSE
DSE	DSE
DSE	DSE
DSE	DSE
DSE	DSE
DSE	DSE
DSE	DMCT
DSE	DSE
DSE	DSE
SRH	SRH
DSE	DSE
SRH	SRH
DMCT	DSE
SRH	SRH
DSE	DSE
DSE	DSE
DSE	DSE
SRH	SRH
SRH	SRH
DMCT	DMCT
DMCT	DMCT
DSE	DSE
DSE	DSE
DSE	DSE
DSE	DSE
DSE	DSE
DSE	DSE
DSE	DSE
DMCT	DMCT
DSE	DSE
DSE	DSE
DSE	DSE
DSE	DSE
DISQ	DISQ
DSE	DSE
DISQ	DISQ
DISQ	DISQ
DMCT	DSE
SRH	SRH
SRH	SRH
SRH	SRH
SRH	SRH
SRH	SRH
SRH	SRH
SRH	SRH
DSE	DSE
SRH	SRH
SRH	SRH
SRH	SRH
SRH	SRH
SRH	SRH
SRH	SRH
SRH	SRH
SRH	SRH
SRH	SRH
SRH	SRH
SRH	SRH
SRH	SRH
DSE	DSE
DMCT	DMCT
DMCT	DMCT
DISQ	DISQ
DISQ	DISQ
DISQ	DISQ
DMCT	DMCT
DMCT	DMCT
DMCT	DMCT
DMCT	DMCT
DISQ	DMCT
DMCT	DISQ
DSE	DSE
DSE	DSE
DMCT	DMCT
DMCT	DMCT
DSE	DISQ
DISQ	DMCT
DSE	DSE
DISQ	DISQ
DSE	DSE
DSE	DSE
DISQ	DMCT
DISQ	DMCT
DISQ	DMCT
DMCT	DMCT
DMCT	DMCT
DISQ	DMCT
DMCT	DMCT
DMCT	DMCT
DMCT	DMCT
DMCT	DMCT
DMCT	DMCT
DMCT	DMCT
DMCT	DMCT
DMCT	DMCT
DMCT	DMCT
DISQ	DMCT
DMCT	DISQ
DMCT	DISQ
DISQ	DMCT
DISQ	DMCT
DISQ	DMCT
DISQ	DMCT
DISQ	DMCT
DISQ	DMCT
DISQ	DMCT
DISQ	DMCT
DISQ	DMCT
DISQ	DMCT
DISQ	DMCT
DISQ	DISQ
DISQ	DISQ
DSE	DISQ
DISQ	DISQ
DISQ	DISQ
DISQ	DISQ
DISQ	DISQ
DSE	DSE
DISQ	DISQ
DISQ	DSE
DSE	DISQ
DISQ	DISQ
DISQ	DISQ
DMCT	DMCT
DSE	DSE
DSE	DSE
DSE	DSE
DSE	DSE
DMCT	DMCT
DSE	DSE
DMCT	DMCT
DSE	DSE
DMCT	DMCT
DMCT	DMCT
DMCT	DMCT
DSE	DSE
DSE	DSE
DMCT	DMCT
DSE	DSE
DSE	DSE
DSE	DSE
DSE	DSE
DSE	DSE
DSE	DSE
DSE	DSE
DSE	DSE
DSE	DSE
DSE	DSE
DSE	DSE
DMCT	DMCT
DMCT	DMCT
DSE	DSE
DMCT	DMCT
DMCT	DMCT
DMCT	DMCT
DSE	DMCT
DSE	DSE
DMCT	DMCT
DMCT	DMCT
DMCT	DMCT
DSE	DSE
DMCT	DMCT
DMCT	DMCT
DMCT	DMCT
DMCT	DMCT
DMCT	DMCT
DMCT	DMCT
DSE	DSE
SRH	SRH
DSE	DSE
SRH	SRH
SRH	SRH
SRH	SRH
SRH	SRH
SRH	SRH
SRH	SRH
SRH	SRH
DMCT	DMCT
DMCT	DMCT
DMCT	DMCT
DMCT	DMCT
DMCT	DMCT
DMCT	DMCT
SRH	SRH
SRH	SRH
DMCT	DMCT
SRH	SRH
DMCT	DMCT
SRH	SRH
DMCT	DMCT
DMCT	DMCT
SRH	SRH
DMCT	DMCT
SRH	SRH
DSE	DSE
SRH	SRH
DISQ	DISQ
SRH	SRH
DISQ	DISQ
SRH	SRH
SRH	SRH
SRH	SRH
DSE	DSE
DSE	DSE
SRH	DSE
DISQ	DISQ
SRH	SRH
DSE	DSE
SRH	SRH
DISQ	DISQ
SRH	SRH
SRH	SRH
SRH	SRH
SRH	SRH
SRH	SRH
SRH	SRH
SRH	SRH
SRH	SRH
SRH	SRH
SRH	SRH
SRH	SRH
SRH	SRH
SRH	SRH
SRH	SRH
SRH	SRH
SRH	SRH
DSE	DSE
SRH	SRH
SRH	SRH
DSE	DSE
SRH	SRH
DSE	DSE
DSE	DSE
DISQ	DISQ
SRH	SRH
DSE	DSE
SRH	SRH
SRH	SRH
SRH	SRH
DSE	DSE
SRH	SRH
SRH	SRH
SRH	SRH
SRH	SRH
SRH	SRH
SRH	SRH
SRH	SRH
SRH	SRH
DMCT	DMCT
SRH	SRH
DMCT	DMCT
SRH	SRH
SRH	SRH
SRH	SRH
DSE	DISQ
SRH	SRH
SRH	SRH
SRH	SRH
DSE	DSE
DSE	DSE
DSE	DSE
DSE	DSE
DSE	DSE
DSE	DSE
DSE	DSE
DSE	DSE
DSE	DSE
DSE	DSE
DSE	DSE
DSE	DSE
DSE	DSE
DSE	DSE
DSE	DSE
DSE	DSE
DSE	DSE
DSE	DSE
SRH	SRH
DSE	DSE
DSE	DSE
DSE	DSE
DSE	DSE
DISQ	DISQ
DISQ	DISQ
DISQ	DISQ
DSE	DSE
DSE	DSE
DMCT	DMCT
DMCT	DMCT
DMCT	DMCT
DISQ	DISQ
DISQ	DISQ
DISQ	DISQ
DISQ	DISQ
DISQ	DISQ
DSE	DSE
SRH	SRH
DISQ	DISQ
DISQ	DISQ
SRH	SRH
SRH	SRH
SRH	SRH
SRH	SRH
SRH	SRH
SRH	SRH
SRH	SRH
DMCT	DMCT
SRH	SRH
SRH	SRH
SRH	SRH
DSE	DSE
DMCT	DMCT
DSE	DSE
DSE	DSE
SRH	SRH
SRH	SRH
SRH	SRH
SRH	SRH
SRH	SRH
SRH	SRH
SRH	SRH
SRH	SRH
DSE	DSE
SRH	SRH
DSE	DSE
DISQ	DISQ
DSE	DSE
DSE	DSE
DSE	DSE
DSE	DSE
DISQ	DISQ
SFLE	DMCT
DISQ	DISQ
SFLE	DMCT
DISQ	DISQ
DISQ	DISQ
DISQ	DISQ
SRH	SRH
SRH	SRH
DSE	DSE
SRH	SRH
SRH	SRH
SRH	SRH
SRH	SRH
SRH	SRH
SRH	SRH
SRH	SRH
SRH	SRH
SRH	SRH
SRH	SRH
SRH	SRH
SRH	SRH
SRH	SRH
SRH	SRH
SRH	SRH
SRH	SRH
DMCT	DMCT
DSE	DSE
SRH	SRH
SRH	SRH
DSE	DSE
SRH	SRH
SRH	SRH
DSE	DSE
SRH	SRH
SRH	SRH
SRH	SRH
SRH	SRH
SRH	SRH
SRH	SRH
DISQ	DISQ
SRH	SRH
SRH	SRH
SRH	SRH
SRH	SRH
SRH	SRH
SRH	SRH
SRH	SRH
DISQ	DISQ
SRH	SRH
SRH	SRH
SRH	SRH
SRH	SRH
SRH	SRH
SRH	SRH
SRH	SRH
SRH	SRH
SRH	SRH
SRH	SRH
DISQ	DISQ
SRH	SRH
SRH	SRH
SRH	SRH
SRH	SRH
DSE	DSE
DSE	DSE
SRH	SRH
SRH	SRH
SRH	SRH
DSE	DSE
DISQ	DISQ
SRH	SRH
DSE	DSE
DISQ	DISQ
DISQ	DISQ
SRH	SRH
DISQ	DISQ
SRH	SRH
SRH	SRH
DSE	DSE
DSE	DSE
SRH	SRH
SRH	SRH
SRH	SRH
SRH	SRH
SRH	SRH
SRH	SRH
SRH	SRH
SRH	SRH
SRH	SRH
SRH	SRH
SRH	SRH
SRH	SRH
DSE	DSE
DSE	DSE
SRH	SRH
DSE	DSE
SRH	SRH
DSE	DSE
DSE	DSE
DSE	DSE
DSE	DSE
SRH	SRH
DISQ	DMCT
DSE	DSE
SRH	SRH
DISQ	DISQ
SRH	SRH
DISQ	DISQ
SRH	SRH
DISQ	DISQ
SRH	SRH
DISQ	DISQ
SRH	SRH
DISQ	DISQ
SRH	SRH
SRH	SRH
SRH	SRH
SRH	SRH
SRH	SRH
SRH	SRH
DMCT	DMCT
SRH	SRH
SRH	SRH
SRH	SRH
SRH	SRH
SRH	SRH
DMCT	DMCT
SRH	SRH
SRH	SRH
SRH	SRH
DMCT	DMCT
SRH	SRH
SRH	SRH
DMCT	DMCT
DMCT	DMCT
SRH	SRH
DISQ	DISQ
DISQ	DISQ
DISQ	DISQ
DISQ	DISQ
DISQ	DISQ
DISQ	DISQ
DISQ	DISQ
DISQ	DISQ
DISQ	DISQ
DISQ	DISQ
DISQ	DISQ
DISQ	DISQ
DISQ	DISQ
DISQ	DISQ
DISQ	DISQ
DISQ	DISQ
DISQ	DISQ
DISQ	DISQ
SRH	SRH
SRH	DSE
DSE	DSE
DSE	DSE
SRH	SRH
DMCT	DMCT
DISQ	DISQ
DISQ	DISQ
DISQ	DISQ
DMCT	DMCT
DISQ	DISQ
DMCT	DMCT
DMCT	DMCT
DISQ	DISQ
DMCT	DMCT
DISQ	DISQ
DISQ	DISQ
DISQ	DISQ
DISQ	DISQ
DISQ	DISQ
DMCT	DMCT
DISQ	DISQ
DISQ	DISQ
DISQ	DISQ
DISQ	DISQ
DISQ	DISQ
DISQ	DISQ
DISQ	DISQ
DISQ	DISQ
DISQ	DISQ
DISQ	DISQ
DISQ	DISQ
DISQ	DISQ
DISQ	DISQ
DISQ	DISQ
DISQ	DISQ
DSE	DSE
DISQ	DISQ
DISQ	DISQ
DISQ	DISQ
DISQ	DISQ
DISQ	DISQ
DISQ	DISQ
DISQ	DISQ
DISQ	DISQ
DISQ	DISQ
DISQ	DISQ
DSE	DSE
DISQ	DISQ
DISQ	DISQ
DISQ	DISQ
SRH	SRH
SRH	SRH
SRH	SRH
DSE	DSE
DSE	DSE
DSE	DSE
DISQ	DISQ
DSE	DSE
DSE	DMCT
DSE	DSE
DSE	DSE
DSE	DSE
DISQ	DISQ
DSE	DSE
DSE	DSE
DISQ	DISQ
DSE	DSE
DISQ	DISQ
DMCT	DMCT
DMCT	DMCT
DISQ	DISQ
DISQ	DISQ
DISQ	DISQ
DISQ	DISQ
DISQ	DISQ
DISQ	DISQ
DISQ	DISQ
DISQ	DISQ
DISQ	DISQ
DISQ	DISQ
DISQ	DISQ
DISQ	DISQ
DISQ	DISQ
DISQ	DISQ
DMCT	DMCT
DMCT	SFLE
DSE	DSE
DISQ	DISQ
SRH	SRH
DISQ	DISQ
DSE	DSE
DMCT	DMCT
DISQ	DISQ
DSE	DSE
DMCT	DMCT
DSE	DSE
DMCT	DMCT
DSE	DISQ
DMCT	DMCT
DMCT	DMCT
DSE	DSE
DMCT	DMCT
DSE	DSE
DMCT	DMCT
DMCT	DMCT
DMCT	DMCT
DMCT	DMCT
DMCT	DMCT
DMCT	DMCT
SRH	SRH
DMCT	DMCT
DMCT	DMCT
SRH	SRH
DMCT	DMCT
SRH	SRH
DMCT	DMCT
DMCT	DMCT
DMCT	DMCT
DMCT	DMCT
DMCT	DMCT
DMCT	DMCT
DMCT	DMCT
DMCT	DMCT
DMCT	DMCT
DMCT	DMCT
DMCT	DMCT
SRH	SRH
DMCT	DMCT
DMCT	DMCT
SRH	SRH
SRH	SRH
DMCT	DMCT
DMCT	DMCT
SRH	SRH
DMCT	DMCT
SRH	SRH
DMCT	DMCT
DMCT	DMCT
DMCT	DMCT
SRH	SRH
SRH	SRH
DMCT	DMCT
SRH	SRH
DMCT	DMCT
SRH	SRH
SRH	SRH
SRH	DISQ
DMCT	DMCT
DMCT	DMCT
DSE	DSE
SRH	SRH
SRH	SRH
DMCT	DMCT
DSE	DSE
SRH	DISQ
DMCT	DMCT
DSE	DSE
DSE	DSE
SRH	SRH
SRH	SRH
DMCT	DMCT
DMCT	DMCT
DSE	DSE
DMCT	DMCT
SRH	SRH
DMCT	DMCT
DSE	DSE
DMCT	DMCT
SRH	SRH
DMCT	DMCT
SRH	SRH
DMCT	DMCT
SRH	SRH
DMCT	DMCT
SRH	SRH
DMCT	DMCT
DSE	DSE
DMCT	DMCT
DSE	DSE
DMCT	DMCT
DMCT	DMCT
DMCT	DMCT
DMCT	DMCT
DMCT	DMCT
DMCT	DMCT
DMCT	DMCT
DMCT	DMCT
DMCT	DMCT
DMCT	DMCT
DMCT	DMCT
DMCT	DMCT
DMCT	DMCT
DMCT	DMCT
DMCT	DMCT
DMCT	DMCT
DMCT	DMCT
DMCT	DMCT
DMCT	DMCT
DMCT	DMCT
DMCT	DMCT
DMCT	DMCT
DMCT	DMCT
DMCT	DMCT
DMCT	DMCT
DMCT	DMCT
SRH	SRH
SRH	SRH
SRH	SRH
SRH	SRH
DMCT	DMCT
SRH	SRH
DMCT	DMCT
SRH	SRH
SRH	SRH
SRH	SRH
SRH	SRH
DMCT	DMCT
SRH	SRH
DMCT	DMCT
SRH	SRH
DMCT	DMCT
SRH	SRH
DMCT	DMCT
SRH	SRH
DMCT	DMCT
SRH	SRH
SRH	SRH
DSE	DSE
DSE	DSE
DMCT	DMCT
DMCT	DMCT
DISQ	DISQ
DSE	DSE
DISQ	DMCT
SRH	SRH
DISQ	DISQ
SRH	SRH
DISQ	DISQ
SRH	SRH
DMCT	DMCT
DISQ	DISQ
DMCT	DMCT
DMCT	DMCT
DSE	DSE
DMCT	DMCT
SRH	SRH
SRH	SRH
DSE	DSE
DISQ	DISQ
SRH	SRH
SRH	SRH
SRH	SRH
DSE	DSE
DSE	DSE
DSE	DSE
DISQ	DISQ
SRH	SRH
SRH	SRH
DMCT	DMCT
DISQ	DISQ
SRH	SRH
SRH	SRH
SRH	SRH
SRH	SRH
SRH	SRH
SRH	SRH
SRH	SRH
SRH	SRH
SRH	SRH
DSE	DSE
SRH	SRH
SRH	SRH
SRH	SRH
SRH	SRH
SRH	SRH
DSE	DSE
SRH	SRH
SRH	SRH
SRH	SRH
DSE	DSE
SRH	SRH
SRH	SRH
SRH	SRH
SRH	SRH
DSE	DSE
SRH	SRH
SRH	SRH
SRH	SRH
SRH	SRH
DMCT	DMCT
SRH	SRH
SRH	SRH
SRH	SRH
SRH	SRH
SRH	SRH
SRH	SRH
SRH	SRH
SRH	SRH
SRH	SRH
SRH	SRH
SRH	SRH
SRH	SRH
SRH	SRH
SRH	SRH
DMCT	DMCT
SRH	SRH
SRH	SRH
SRH	SRH
SRH	SRH
SRH	SRH
SRH	SRH
SRH	SRH
SRH	SRH
SRH	SRH
SRH	SRH
DISQ	DISQ
SRH	SRH
SRH	SRH
SRH	SRH
SRH	SRH
DMCT	DMCT
DMCT	DMCT
DMCT	DSE
DMCT	DSE
DMCT	DSE
DMCT	DSE
DMCT	DSE
DMCT	DSE
DMCT	DSE
DMCT	DSE
DMCT	DSE
DMCT	DSE
DMCT	DSE
DMCT	DSE
DMCT	DSE
DMCT	DSE
DMCT	DSE
DMCT	DSE
DMCT	DSE
DMCT	DSE
DMCT	DSE
DMCT	DSE
DMCT	DSE
DMCT	DSE
DMCT	DSE
DMCT	DMCT
DMCT	DSE
DMCT	DSE
DMCT	DSE
DMCT	DSE
DMCT	DSE
DMCT	DSE
DMCT	DSE
DSE	DSE
DMCT	DSE
DMCT	DSE
DMCT	DSE
DMCT	DSE
DMCT	DSE
DMCT	DSE
DMCT	DSE
DSE	DSE
DMCT	DSE
DMCT	DSE
DMCT	DSE
DMCT	DSE
DMCT	DSE
DMCT	DSE
DMCT	DSE
SRH	SRH
DMCT	DSE
DMCT	DSE
DISQ	DISQ
DMCT	DSE
DMCT	DSE
SRH	SRH
DISQ	DISQ
SRH	SRH
DMCT	DSE
DMCT	DSE
SRH	SRH
DMCT	DSE
DMCT	DSE
SRH	SRH
DMCT	DSE
DMCT	DSE
DISQ	DISQ
DMCT	DSE
DISQ	DISQ
DMCT	DSE
DSE	DISQ
SFLE	DISQ
DMCT	DSE
DSE	DISQ
SRH	SRH
DMCT	DSE
DISQ	DISQ
DMCT	DSE
DMCT	DSE
DMCT	DSE
DMCT	DSE
DMCT	DSE
DISQ	DISQ
SRH	SRH
DISQ	DISQ
DMCT	DSE
DISQ	DISQ
DMCT	DSE
DISQ	DISQ
DISQ	DISQ
SRH	SRH
DMCT	DSE
DISQ	DISQ
DISQ	DISQ
SRH	SRH
SRH	SRH
DISQ	DISQ
DMCT	DSE
DISQ	DISQ
DMCT	DSE
DISQ	DISQ
DMCT	DSE
SRH	SRH
DISQ	DISQ
DMCT	DSE
DISQ	DISQ
SRH	SRH
DISQ	DISQ
DMCT	DSE
DISQ	DISQ
DISQ	DISQ
DISQ	DISQ
SRH	SRH
SRH	SRH
SRH	SRH
DISQ	DISQ
SRH	SRH
DISQ	DISQ
SRH	SRH
SRH	SRH
DISQ	DISQ
SRH	SRH
DISQ	DISQ
SRH	SRH
DISQ	DISQ
SRH	SRH
SRH	SRH
SRH	SRH
DISQ	DISQ
DMCT	DSE
DISQ	DISQ
DISQ	DISQ
DISQ	DISQ
SRH	SRH
SRH	SRH
DISQ	DISQ
DISQ	DISQ
SRH	SRH
DISQ	DISQ
DISQ	DISQ
SRH	SRH
DISQ	DISQ
SRH	SRH
DSE	DISQ
SRH	SRH
DISQ	DISQ
DSE	DISQ
DMCT	DSE
SRH	SRH
DMCT	DSE
SRH	SRH
SRH	SRH
SRH	SRH
DISQ	DISQ
DISQ	DISQ
SRH	SRH
DMCT	DMCT
DISQ	DISQ
SRH	SRH
DISQ	DISQ
SRH	SRH
DISQ	DISQ
SRH	SRH
DISQ	DISQ
SRH	SRH
DISQ	DISQ
SRH	SRH
DISQ	DISQ
SRH	SRH
SRH	SRH
DISQ	DISQ
DISQ	DISQ
SRH	SRH
SRH	SRH
SRH	SRH
SRH	SRH
DISQ	DISQ
SRH	SRH
SRH	SRH
SRH	SRH
SRH	SRH
SRH	SRH
SRH	SRH
SRH	SRH
SRH	SRH
SRH	SRH
SRH	SRH
SRH	SRH
SRH	SRH
SRH	SRH
SRH	SRH
SRH	SRH
DMCT	DMCT
SRH	SRH
SRH	SRH
SRH	SRH
DMCT	DMCT
SRH	SRH
SRH	SRH
SRH	SRH
SRH	SRH
SRH	SRH
SRH	SRH
DSE	DISQ
DISQ	DISQ
DISQ	DISQ
DISQ	DISQ
DISQ	DISQ
DISQ	DISQ
DISQ	DISQ
DISQ	DISQ
DISQ	DISQ
SRH	SRH
DISQ	DISQ
DISQ	DISQ
DISQ	DISQ
DISQ	DISQ
SRH	SRH
DISQ	DISQ
DISQ	DISQ
SRH	SRH
DMCT	DMCT
DISQ	DISQ
SRH	SRH
SRH	SRH
SRH	SRH
SRH	SRH
SRH	SRH
SRH	SRH
DISQ	DISQ
DMCT	DMCT
DSE	DSE
DMCT	DMCT
SRH	SRH
DISQ	DISQ
DSE	DSE
DSE	DSE
SRH	DSE
DSE	DSE
DSE	DSE
DMCT	DMCT
DMCT	DMCT
DSE	DSE
DSE	DSE
DMCT	DMCT
DMCT	DMCT
DMCT	DMCT
SRH	SRH
SRH	SRH
SRH	SRH
SRH	SRH
SRH	SRH
SRH	SRH
SRH	SRH
SRH	SRH
DSE	DSE
DSE	DISQ
DISQ	DMCT
DISQ	DMCT
DISQ	DMCT
DISQ	DMCT
DISQ	DMCT
DISQ	DISQ
DISQ	DMCT
DSE	DSE
DISQ	DMCT
DISQ	DMCT
DISQ	DSE
DISQ	DMCT
DISQ	DSE
DISQ	DMCT
DISQ	DMCT
DISQ	DMCT
DISQ	DSE
DISQ	DSE
DSE	DSE
DSE	DSE
DSE	DSE
DSE	DSE
DISQ	DISQ
DSE	DSE
DISQ	DMCT
DSE	DSE
DISQ	DSE
DSE	DSE
DISQ	DMCT
DSE	DSE
DISQ	DMCT
DSE	DSE
DISQ	DMCT
DSE	DSE
DISQ	DMCT
DISQ	DMCT
DSE	DSE
DISQ	DMCT
DSE	DSE
DISQ	DMCT
DISQ	DMCT
DISQ	DMCT
DISQ	DMCT
DSE	DMCT
DISQ	DMCT
DISQ	DMCT
DISQ	DMCT
DISQ	DISQ
DISQ	DMCT
DISQ	DISQ
DISQ	DISQ
DISQ	DMCT
DISQ	DISQ
DSE	DSE
DISQ	DMCT
DSE	DSE
DSE	DSE
DSE	DSE
DISQ	DMCT
DISQ	DMCT
DISQ	DMCT
DSE	DSE
DISQ	DMCT
DISQ	DMCT
DMCT	DSE
DSE	DSE
DSE	DSE
DSE	DSE
DISQ	DMCT
DSE	DSE
DISQ	DMCT
DSE	DSE
DSE	DSE
DISQ	DMCT
DSE	DSE
DISQ	DMCT
DSE	DSE
DISQ	DMCT
DISQ	DMCT
DSE	DSE
DISQ	DMCT
DSE	DSE
DMCT	DSE
DSE	DSE
DISQ	DMCT
DMCT	DSE
DISQ	DMCT
SFLE	DSE
DSE	DMCT
DISQ	DMCT
DISQ	DMCT
DISQ	DMCT
DISQ	DSE
DISQ	DMCT
DMCT	DMCT
DSE	DSE
DSE	DSE
DSE	DMCT
DMCT	DMCT
SRH	SRH
SFLE	SFLE
DISQ	DSE
SFLE	SFLE
DSE	DSE
SFLE	SFLE
SFLE	SFLE
SFLE	SFLE
SFLE	SFLE
DISQ	DISQ
SFLE	SFLE
SFLE	SFLE
SFLE	SFLE
DISQ	DMCT
SFLE	SFLE
SFLE	SFLE
DISQ	DMCT
SFLE	SFLE
SRH	SRH
SFLE	SFLE
SFLE	SFLE
DISQ	DMCT
SFLE	SFLE
DISQ	DMCT
SFLE	SFLE
DSE	DISQ
SFLE	SFLE
DSE	DSE
DSE	DISQ
SFLE	SFLE
DSE	DSE
SFLE	SFLE
DSE	DSE
DSE	DSE
SFLE	SFLE
DSE	DSE
DSE	DSE
SFLE	SFLE
DSE	DSE
SFLE	SFLE
SRH	DSE
SFLE	SFLE
SFLE	SFLE
SFLE	SFLE
SFLE	DISQ
SRH	SRH
SRH	SRH
SRH	SRH
SFLE	DSE
SRH	SRH
SRH	SRH
DSE	DSE
DSE	DSE
DSE	DISQ
DSE	DISQ
DSE	DSE
DSE	DISQ
DSE	DSE
DSE	SRH
DSE	DISQ
DSE	DSE
DSE	DISQ
DSE	DSE
DSE	DSE
DSE	DSE
DSE	DSE
DSE	DSE
DSE	DSE
DSE	DSE
DSE	DISQ
DSE	DISQ
DSE	DSE
DSE	DSE
DSE	DISQ
DSE	DISQ
DSE	DISQ
DSE	DISQ
DSE	DISQ
DSE	DISQ
DSE	DISQ
DSE	DISQ
DMCT	DMCT
DMCT	DMCT
DSE	DISQ
DSE	DISQ
DSE	DISQ
DSE	DISQ
DSE	DISQ
DMCT	DMCT
DSE	DISQ
DMCT	DMCT
DSE	DISQ
DISQ	DISQ
DSE	DISQ
DMCT	DSE
DISQ	DISQ
DMCT	DMCT
DISQ	DISQ
DMCT	DMCT
DISQ	DISQ
DSE	DISQ
DMCT	DISQ
DMCT	DMCT
DMCT	DISQ
DMCT	DMCT
DSE	DSE
DSE	DSE
DSE	DSE
DISQ	DMCT
DISQ	DMCT
DISQ	DMCT
DSE	DSE
DISQ	DMCT
DSE	DSE
DMCT	DMCT
DISQ	DMCT
DMCT	DMCT
DSE	DSE
DISQ	DMCT
DISQ	DMCT
DMCT	DMCT
DMCT	DMCT
DMCT	DMCT
DSE	DSE
DISQ	DMCT
DMCT	DMCT
DMCT	DMCT
DSE	DSE
DISQ	DMCT
DMCT	DMCT
DSE	DSE
DISQ	DMCT
DISQ	DMCT
DMCT	DMCT
DISQ	DMCT
DSE	DSE
DMCT	DMCT
DSE	DSE
DMCT	DMCT
DMCT	DMCT
DSE	DSE
DMCT	DMCT
DMCT	DMCT
DMCT	DMCT
DMCT	DMCT
DMCT	DMCT
DMCT	DMCT
DMCT	DMCT
DMCT	DMCT
DMCT	DMCT
DMCT	DMCT
DMCT	DMCT
DMCT	DMCT
DSE	SRH
DSE	DSE
DMCT	DMCT
DMCT	DMCT
DMCT	DMCT
SRH	SRH
SRH	SRH
DMCT	DMCT
DSE	DSE
DMCT	DMCT
DMCT	DMCT
SRH	SRH
SRH	SRH
DSE	DSE
SRH	SRH
DMCT	DMCT
DMCT	DMCT
DMCT	DMCT
SRH	SRH
DMCT	DMCT
DMCT	DMCT
SRH	SRH
DMCT	DMCT
DSE	DSE
DMCT	DMCT
DMCT	DMCT
DMCT	DMCT
DMCT	DMCT
DMCT	DMCT
DMCT	DMCT
DMCT	DMCT
SRH	SRH
DMCT	DMCT
SRH	SRH
DMCT	DMCT
SRH	SRH
DMCT	DMCT
SRH	SRH
SRH	SRH
SRH	SRH
DMCT	DMCT
SRH	SRH
DMCT	DMCT
SRH	SRH
DMCT	DMCT
SRH	SRH
DMCT	DMCT
DMCT	DMCT
SRH	SRH
SRH	SRH
DSE	DSE
DSE	DSE
SRH	SRH
DSE	DSE
DMCT	DMCT
DMCT	DMCT
SRH	SRH
DMCT	DMCT
SRH	SRH
DMCT	DMCT
SRH	SRH
DMCT	DMCT
DSE	DSE
DMCT	DMCT
DMCT	DMCT
SRH	SRH
SRH	SRH
DMCT	DMCT
SRH	SRH
DMCT	DMCT
DMCT	DMCT
DSE	DSE
DMCT	DMCT
DMCT	DMCT
SRH	SRH
DMCT	DMCT
DSE	DSE
DMCT	DMCT
SRH	SRH
DMCT	DMCT
DMCT	DMCT
DMCT	DMCT
DMCT	DMCT
SRH	SRH
DSE	DSE
SRH	SRH
DMCT	DMCT
SRH	SRH
DMCT	DMCT
SRH	SRH
DMCT	DMCT
SRH	SRH
DMCT	DMCT
SRH	SRH
DMCT	DMCT
SRH	SRH
DMCT	DMCT
SRH	SRH
DMCT	DMCT
DSE	DSE
DMCT	DMCT
SRH	SRH
DSE	DSE
SRH	SRH
SRH	SRH
SRH	SRH
SRH	SRH
SRH	SRH
DMCT	DMCT
SRH	SRH
SRH	SRH
SRH	SRH
DMCT	DMCT
SRH	SRH
SRH	SRH
DMCT	DMCT
DSE	DSE
SRH	SRH
SRH	SRH
SRH	SRH
SRH	SRH
SRH	SRH
SRH	SRH
SRH	SRH
SRH	SRH
SRH	SRH
SRH	SRH
SRH	SRH
SRH	SRH
DSE	DSE
DSE	DSE
DSE	DSE
DSE	DSE
DSE	DSE
SRH	SRH
DSE	DSE
SRH	SRH
DSE	DSE
SRH	SRH
DSE	DSE
SRH	SRH
DSE	DSE
SRH	SRH
DSE	DSE
SRH	SRH
DSE	DSE
SRH	SRH
SRH	SRH
SRH	SRH
DSE	DSE
SRH	SRH
SRH	SRH
SRH	SRH
SRH	SRH
SRH	SRH
SRH	SRH
SRH	SRH
SRH	SRH
SRH	SRH
SRH	SRH
SRH	SRH
SRH	SRH
SFLE	SFLE
DSE	DSE
DSE	DSE
DSE	DSE
DSE	DSE
SFLE	DSE
SFLE	DSE
DSE	DSE
DSE	DSE
DSE	DSE
SRH	SRH
SRH	SRH
SRH	SRH
SRH	SRH
SRH	SRH
SRH	SRH
SRH	SRH
SRH	SRH
SRH	SRH
DSE	DISQ
SRH	SRH
DSE	DISQ
DSE	DISQ
DSE	DSE
DSE	DSE
DSE	DSE
DSE	DSE
DSE	DSE
DSE	DSE
SRH	SRH
DSE	DISQ
DSE	DISQ
DSE	DSE
DISQ	DISQ
DSE	DSE
SRH	SRH
SRH	SRH
SRH	SRH
SRH	SRH
SRH	SRH
DSE	DSE
DSE	DSE
DSE	DSE
DSE	DSE
DISQ	DISQ
DSE	DSE
DISQ	DISQ
DISQ	DISQ
DISQ	DISQ
DSE	DSE
DSE	DSE
DSE	DSE
DSE	DSE
DSE	DSE
DSE	DSE
DSE	DSE
DSE	DSE
DSE	DSE
DSE	DSE
DMCT	DMCT
DMCT	DMCT
DSE	DSE
SFLE	DMCT
SRH	SRH
SRH	SRH
DSE	DSE
SRH	SRH
SRH	SRH
SRH	SRH
DSE	DSE
DSE	DSE
DMCT	DMCT
DSE	DMCT
DSE	DMCT
DSE	DMCT
DSE	DMCT
SRH	SRH
SRH	SRH
SRH	SRH
DSE	DSE
DMCT	DMCT
DSE	DSE
DMCT	DMCT
DMCT	DMCT
DMCT	DMCT
DMCT	DMCT
DMCT	DMCT
DMCT	DMCT
DMCT	DMCT
DSE	DSE
DMCT	DMCT
DSE	DSE
DSE	DSE
DSE	DSE
DSE	DSE
DSE	DSE
DSE	DSE
DSE	DSE
DSE	DSE
SRH	SRH
SRH	SRH
DSE	DSE
SRH	SRH
DSE	DSE
SRH	SRH
DSE	DSE
SRH	SRH
SRH	SRH
SRH	SRH
DSE	DSE
SRH	SRH
DSE	DSE
DSE	DSE
DSE	DSE
DSE	DSE
DSE	DSE
DSE	DSE
DSE	DSE
SRH	SRH
SRH	SRH
DSE	DSE
SRH	SRH
DSE	DSE
SRH	SRH
SRH	SRH
SRH	SRH
DSE	DSE
SRH	SRH
SRH	SRH
SRH	SRH
DSE	DSE
SRH	SRH
SRH	SRH
DSE	DSE
SRH	SRH
SRH	SRH
SRH	SRH
DSE	DISQ
DISQ	DMCT
DISQ	DMCT
SRH	SRH
DISQ	DMCT
DISQ	DMCT
DISQ	DMCT
SRH	SRH
DISQ	DMCT
DISQ	DMCT
DISQ	DMCT
SFLE	DMCT
DISQ	DMCT
SFLE	DMCT
SRH	SRH
SRH	SRH
SRH	SRH
SRH	SRH
SRH	SRH
SRH	SRH
SFLE	SFLE
DSE	DSE
DSE	DSE
SRH	SRH
SRH	SRH
SRH	SRH
SRH	SRH
SRH	SRH
SRH	SRH
DSE	DSE
SRH	SRH
DSE	DSE
DSE	DSE
DSE	DSE
SRH	SRH
SRH	SRH
SRH	SRH
DMCT	DMCT
SRH	SRH
DSE	DMCT
DMCT	DMCT
DMCT	DMCT
DMCT	DMCT
DSE	DSE
SRH	SRH
DMCT	DMCT
DMCT	DMCT
DSE	DSE
DSE	DSE
DSE	DSE
DSE	DSE
DSE	DSE
DSE	DSE
DSE	DSE
DSE	DSE
DISQ	DISQ
DSE	DSE
DSE	DSE
DSE	DSE
DSE	DSE
DSE	DSE
DSE	DSE
DSE	DSE
DSE	DSE
DSE	DSE
SRH	SRH
DSE	DSE
DSE	DSE
SRH	SRH
DSE	DSE
DSE	DSE
DSE	DSE
DSE	DSE
DSE	DSE
DSE	DSE
DSE	DSE
DISQ	DISQ
DSE	DSE
DSE	DSE
DSE	DSE
DSE	DSE
DMCT	DMCT
DSE	DSE
DSE	DSE
DSE	DSE
DSE	DSE
DSE	DSE
DSE	DSE
DSE	DSE
DSE	DSE
DSE	DSE
DSE	DSE
SRH	SRH
DSE	DSE
DSE	DSE
SRH	SRH
DSE	DSE
DSE	DSE
SFLE	DISQ
DISQ	DISQ
SFLE	DISQ
DSE	DSE
SFLE	DISQ
DMCT	DMCT
DSE	DSE
DSE	DSE
DSE	DSE
DSE	DSE
SRH	SRH
DSE	DSE
DSE	DSE
DSE	DSE
SRH	SRH
DSE	DSE
DISQ	DMCT
SRH	SRH
DISQ	DMCT
SRH	SRH
DSE	DSE
DISQ	DMCT
SRH	SRH
DSE	DSE
DISQ	DMCT
SRH	SRH
DISQ	DMCT
DSE	DSE
SRH	SRH
DSE	DSE
SRH	SRH
SRH	SRH
SRH	SRH
SRH	SRH
SRH	SRH
SRH	SRH
SRH	SRH
SRH	SRH
DSE	DSE
SRH	SRH
SRH	SRH
SRH	SRH
SRH	SRH
SRH	SRH
SRH	SRH
SRH	SRH
DMCT	DMCT
SRH	SRH
SRH	SRH
SRH	SRH
SRH	SRH
SRH	SRH
SRH	SRH
SRH	SRH
SRH	SRH
SRH	SRH
SRH	SRH
DISQ	DISQ
SRH	SRH
SRH	SRH
DISQ	DISQ
DISQ	DISQ
DISQ	DISQ
DISQ	DISQ
DISQ	DISQ
DISQ	DISQ
DISQ	DISQ
DISQ	DISQ
DISQ	DISQ
DISQ	DISQ
DISQ	DISQ
DISQ	DISQ
SRH	SRH
DSE	DSE
DISQ	DISQ
DSE	DSE
DISQ	DISQ
DSE	DSE
DISQ	DISQ
DISQ	DISQ
SRH	SRH
DMCT	DMCT
DISQ	DISQ
DMCT	DMCT
DISQ	DISQ
DISQ	DISQ
DISQ	DISQ
DMCT	DMCT
DISQ	DISQ
DISQ	DISQ
DMCT	DMCT
DMCT	DMCT
DMCT	DMCT
DMCT	DMCT
SRH	SRH
DMCT	DMCT
DISQ	DISQ
DISQ	DISQ
DMCT	DMCT
DISQ	DISQ
DISQ	DISQ
SRH	SRH
SRH	SRH
DMCT	DMCT
DISQ	DISQ
SRH	SRH
DMCT	DMCT
SRH	SRH
DMCT	DMCT
DMCT	DMCT
DSE	DSE
DSE	DSE
DISQ	DMCT
DISQ	DMCT
DMCT	DMCT
DSE	DSE
DMCT	DMCT
DSE	DSE
DMCT	DMCT
DSE	DSE
DMCT	DMCT
DSE	DSE
DSE	DSE
DISQ	DMCT
DSE	DSE
SRH	SRH
SRH	SRH
SRH	SRH
SRH	SRH
DISQ	DISQ
DISQ	DISQ
DISQ	DISQ
DISQ	DISQ
DISQ	DISQ
DISQ	DISQ
DISQ	DISQ
DISQ	DISQ
DISQ	DISQ
DISQ	DISQ
DISQ	DISQ
DISQ	DISQ
SRH	SRH
DSE	DSE
DSE	DSE
SRH	SFLE
DMCT	DMCT
DSE	DSE
DSE	DSE
DSE	DSE
DSE	DSE
SRH	SRH
DSE	DSE
DSE	DSE
DSE	DSE
DSE	DISQ
DSE	DISQ
SRH	SRH
SRH	SRH
DSE	DISQ
DSE	DISQ
DSE	DISQ
SRH	SRH
DMCT	DMCT
DMCT	DMCT
DMCT	DMCT
DMCT	DMCT
DMCT	DMCT
DMCT	DMCT
DISQ	DISQ
DMCT	DMCT
DMCT	DMCT
DMCT	DMCT
DMCT	DMCT
DMCT	DMCT
DMCT	DMCT
DMCT	DMCT
DMCT	DMCT
DMCT	DMCT
SRH	SRH
DMCT	DMCT
SRH	SRH
DMCT	DMCT
DMCT	DMCT
DMCT	DMCT
SRH	SRH
SRH	SRH
DSE	DISQ
DMCT	DMCT
SRH	SRH
DMCT	DMCT
SRH	SRH
SRH	SRH
DMCT	DMCT
SRH	SRH
DSE	DISQ
SRH	SRH
SRH	SRH
DSE	DISQ
DMCT	DMCT
SRH	SRH
DSE	DISQ
DISQ	DISQ
DMCT	DMCT
DMCT	DMCT
DMCT	DMCT
DMCT	DMCT
DMCT	DMCT
DMCT	DMCT
DSE	DISQ
DSE	DSE
DSE	DSE
DSE	DSE
DSE	DSE
DSE	DSE
DSE	DSE
DSE	DSE
DSE	DSE
DSE	DISQ
DSE	DISQ
DSE	DISQ
DSE	DISQ
DSE	DISQ
DSE	DISQ
DSE	DISQ
DSE	DISQ
DSE	DISQ
DSE	DISQ
DSE	DISQ
DSE	DISQ
DSE	DISQ
DSE	DSE
DSE	DISQ
DSE	DISQ
DSE	DISQ
DSE	DISQ
DSE	DISQ
SRH	SRH
DSE	DISQ
SRH	SRH
DSE	DISQ
SRH	SRH
DSE	DISQ
DISQ	DISQ
SRH	SRH
DSE	DISQ
DISQ	DISQ
SRH	SRH
DSE	DISQ
DSE	DISQ
DSE	DISQ
DSE	DISQ
DISQ	DISQ
DSE	DISQ
DISQ	DISQ
DSE	DISQ
DISQ	DISQ
DSE	DISQ
DSE	DISQ
DISQ	DISQ
DSE	DISQ
DISQ	DISQ
DSE	DISQ
DISQ	DISQ
DSE	DISQ
DISQ	DISQ
DSE	DISQ
DISQ	DISQ
DSE	DISQ
DISQ	DISQ
DSE	DISQ
DISQ	DISQ
DSE	DISQ
DISQ	DISQ
DSE	DISQ
DSE	DISQ
DISQ	DISQ
DSE	DISQ
DISQ	DISQ
DSE	DISQ
DISQ	DISQ
DISQ	DISQ
DSE	DISQ
DISQ	DISQ
DSE	DISQ
DISQ	DISQ
DSE	DISQ
DSE	DISQ
DMCT	DMCT
DISQ	DISQ
DMCT	DMCT
DMCT	DMCT
DISQ	DISQ
DISQ	DISQ
DISQ	DISQ
DISQ	DISQ
DSE	DISQ
DSE	DISQ
DSE	DISQ
DMCT	DMCT
DSE	DISQ
DMCT	DMCT
DMCT	DSE
DSE	DISQ
DISQ	DISQ
DISQ	DISQ
DSE	DISQ
DISQ	DISQ
DISQ	DISQ
DISQ	DISQ
DSE	DISQ
DSE	DISQ
DSE	DISQ
DSE	DISQ
DMCT	DMCT
DSE	DISQ
DSE	DISQ
DSE	DISQ
DISQ	DISQ
DSE	DISQ
DISQ	DISQ
DSE	DISQ
DISQ	DISQ
DSE	DISQ
DISQ	DISQ
DSE	DISQ
DISQ	DISQ
DSE	DISQ
DISQ	DISQ
DSE	DISQ
DSE	DISQ
DSE	DISQ
DSE	DISQ
DSE	DISQ
DSE	DISQ
DSE	DISQ
DSE	DISQ
DSE	DISQ
DSE	DISQ
DMCT	DMCT
DSE	DISQ
DMCT	DMCT
DMCT	DMCT
DMCT	DMCT
DSE	DISQ
DMCT	DMCT
DSE	DISQ
DSE	DISQ
DSE	DSE
DISQ	DISQ
DSE	DISQ
DMCT	DMCT
DSE	DSE
DISQ	DISQ
DSE	DISQ
DSE	DSE
DSE	DISQ
DMCT	DMCT
DSE	DISQ
DSE	DISQ
DMCT	DSE
DSE	DISQ
DMCT	DSE
DSE	DSE
DSE	DISQ
DSE	DISQ
DISQ	DISQ
DSE	DISQ
DSE	DISQ
DSE	DISQ
DSE	DISQ
DSE	DISQ
DSE	DISQ
DSE	DISQ
DSE	DISQ
DSE	DISQ
DSE	DSE
DSE	DISQ
DSE	DISQ
DSE	DISQ
DSE	DISQ
DSE	DISQ
DSE	DISQ
DSE	DISQ
DSE	DISQ
DISQ	DISQ
DSE	DISQ
DSE	DISQ
DSE	DSE
DISQ	DISQ
DSE	DISQ
DISQ	DISQ
DSE	DSE
DSE	DISQ
DISQ	DISQ
DSE	DISQ
DISQ	DISQ
DSE	DISQ
DISQ	DISQ
DSE	DISQ
DSE	DISQ
DSE	DISQ
DSE	DISQ
DSE	DISQ
DSE	DISQ
DSE	DISQ
DSE	DISQ
DISQ	DISQ
DSE	DISQ
DISQ	DISQ
DSE	DISQ
DSE	DISQ
DSE	DISQ
DSE	DISQ
DSE	DISQ
SRH	SRH
DSE	DISQ
DSE	DISQ
DSE	DISQ
DSE	DISQ
DISQ	DISQ
DSE	DISQ
DISQ	DISQ
DISQ	DISQ
DSE	DISQ
DISQ	DISQ
DSE	DISQ
DISQ	DISQ
DMCT	DMCT
DISQ	DISQ
DSE	DISQ
DMCT	DMCT
DISQ	DISQ
DMCT	DMCT
DISQ	DISQ
DSE	DISQ
DMCT	DMCT
DSE	DISQ
DMCT	DMCT
DISQ	DISQ
DSE	DISQ
DISQ	DISQ
DSE	DISQ
DSE	DISQ
DMCT	DMCT
DSE	DISQ
DMCT	DMCT
DSE	DISQ
DMCT	DMCT
DSE	DISQ
DMCT	DMCT
DMCT	DMCT
DMCT	DMCT
DMCT	DMCT
DMCT	DMCT
DMCT	DMCT
DMCT	DMCT
DMCT	DMCT
DSE	DISQ
DSE	DISQ
DSE	DISQ
DSE	DISQ
DMCT	DMCT
DMCT	DMCT
DSE	DSE
DSE	DISQ
DMCT	DMCT
DSE	DISQ
SRH	DSE
SRH	SRH
DSE	DISQ
DMCT	DMCT
DMCT	DMCT
DSE	DISQ
DSE	DMCT
DSE	DISQ
DSE	DISQ
DSE	DISQ
DSE	DISQ
DSE	DISQ
DSE	DISQ
DSE	DSE
DSE	DISQ
DSE	DISQ
DSE	DSE
DSE	DISQ
DSE	DSE
SRH	SRH
DSE	DSE
DSE	DSE
SRH	SRH
DSE	DMCT
DSE	DSE
DSE	DSE
DSE	DSE
SRH	DSE
SRH	SRH
DMCT	DMCT
DMCT	DMCT
DMCT	DMCT
DMCT	DMCT
DMCT	DMCT
DMCT	DMCT
DMCT	DMCT
DMCT	DMCT
DSE	DSE
DSE	DSE
DMCT	DMCT
DSE	DSE
DMCT	DMCT
DSE	DSE
DMCT	DMCT
DMCT	DMCT
DMCT	DMCT
DMCT	DMCT
DMCT	DMCT
DMCT	DMCT
DMCT	DMCT
DMCT	DMCT
DMCT	DMCT
DMCT	DMCT
DMCT	DMCT
DMCT	DSE
DMCT	DMCT
DMCT	DSE
DMCT	DSE
DSE	DSE
DMCT	DMCT
DMCT	DMCT
DMCT	DSE
DSE	DISQ
SRH	SRH
SRH	SRH
DISQ	DISQ
SRH	SRH
DMCT	DMCT
DMCT	DMCT
DMCT	DMCT
DMCT	DMCT
DMCT	DMCT
DMCT	DMCT
DMCT	DMCT
SRH	SRH
DMCT	DMCT
DMCT	DMCT
DMCT	DMCT
DMCT	DMCT
DMCT	DMCT
DMCT	DMCT
DMCT	DMCT
DMCT	DMCT
DMCT	DMCT
DMCT	DMCT
DMCT	DMCT
DMCT	DMCT
DMCT	DMCT
DMCT	DMCT
DMCT	DMCT
DMCT	DMCT
DMCT	DMCT
DMCT	DMCT
DMCT	DMCT
DMCT	DMCT
DMCT	DMCT
DMCT	DMCT
DSE	DSE
DMCT	DMCT
DMCT	DMCT
DISQ	DISQ
DMCT	DMCT
DSE	DSE
DSE	DSE
DSE	DSE
DSE	DSE
DSE	DSE
DSE	DSE
DSE	DSE
DSE	DSE
DSE	DSE
DSE	DSE
DSE	DISQ
DISQ	DMCT
DISQ	DMCT
DISQ	DMCT
DISQ	DMCT
DSE	DSE
SRH	SRH
DSE	DSE
DSE	SFLE
DISQ	DMCT
DSE	SFLE
DSE	DSE
DSE	DSE
DSE	DSE
DSE	DISQ
DSE	DSE
DSE	DISQ
DSE	DSE
SRH	SRH
DSE	DISQ
DSE	DSE
DSE	DSE
DSE	DSE
DSE	DISQ
DSE	DISQ
DSE	DISQ
DSE	DISQ
DSE	DISQ
DSE	DISQ
SRH	SRH
DSE	DISQ
DSE	DSE
DSE	DSE
DSE	DSE
DSE	DSE
DSE	DSE
DSE	DSE
DSE	DSE
DSE	DSE
DSE	DSE
DSE	DSE
DSE	DSE
DSE	DISQ
DSE	DISQ
DSE	DISQ
DSE	DISQ
DSE	DSE
DSE	DISQ
DSE	DSE
DSE	DISQ
DSE	DSE
DSE	DISQ
DSE	DSE
DSE	DISQ
DSE	DSE
DSE	DISQ
DSE	DSE
DSE	DISQ
DSE	DISQ
SRH	SRH
DSE	DSE
DSE	DISQ
DSE	DISQ
DSE	DISQ
DSE	DSE
SRH	SRH
SRH	SRH
DSE	DSE
DSE	DISQ
SRH	SRH
DSE	DSE
DSE	DISQ
DSE	DISQ
DSE	DSE
DSE	DSE
DSE	DISQ
DSE	DISQ
DSE	DSE
DSE	DISQ
DSE	DISQ
DSE	DSE
DSE	DISQ
DSE	DISQ
DSE	DSE
DSE	DISQ
DSE	DISQ
DSE	DSE
DSE	DSE
DSE	DISQ
DSE	DISQ
DSE	DSE
DSE	DISQ
DSE	DISQ
DSE	DSE
DMCT	DSE
DSE	DISQ
DSE	DSE
DSE	DISQ
DSE	DISQ
DSE	DSE
DSE	DSE
DSE	DISQ
DSE	DSE
DSE	DISQ
DSE	DISQ
DSE	DSE
DSE	DISQ
DSE	DISQ
DSE	DSE
DSE	DSE
DSE	DISQ
DSE	DSE
DSE	DISQ
DSE	DSE
DSE	DSE
DSE	DSE
DSE	DSE
DSE	DISQ
DSE	DSE
DSE	DSE
DSE	DSE
DSE	DISQ
DSE	DSE
DSE	DISQ
DSE	DSE
DSE	DISQ
DSE	DSE
DSE	DSE
DMCT	DMCT
DMCT	DISQ
DMCT	DISQ
DSE	DSE
DMCT	DISQ
DISQ	DISQ
DMCT	DISQ
DMCT	DISQ
DISQ	DISQ
DMCT	DISQ
DISQ	DISQ
DSE	DISQ
DSE	DSE
DMCT	DISQ
DMCT	DISQ
DSE	DSE
DMCT	DISQ
DSE	DSE
DSE	SRH
DMCT	DISQ
SRH	SRH
SRH	DSE
SRH	SRH
SRH	SRH
DMCT	DISQ
DMCT	DISQ
DSE	DSE
DMCT	DISQ
DSE	DSE
DMCT	DISQ
DMCT	DISQ
DMCT	DISQ
DMCT	DISQ
DMCT	DISQ
DMCT	DISQ
DMCT	DISQ
DSE	DSE
DMCT	DISQ
DMCT	DISQ
DMCT	DISQ
SFLE	DISQ
DMCT	DMCT
SFLE	DISQ
DMCT	DMCT
DMCT	DISQ
DMCT	DISQ
DMCT	DMCT
SFLE	DISQ
DSE	SRH
SRH	SRH
SFLE	DISQ
DSE	DSE
DMCT	DISQ
SRH	DSE
DMCT	DMCT
DMCT	DISQ
DMCT	DMCT
DMCT	DISQ
DSE	DSE
DMCT	DISQ
DMCT	DMCT
DMCT	DISQ
DMCT	DMCT
DISQ	DISQ
DMCT	DMCT
DMCT	DISQ
DISQ	DISQ
DMCT	DISQ
DMCT	DMCT
SRH	SRH
DISQ	DISQ
SRH	SRH
SRH	SRH
SRH	SRH
SRH	SRH
SRH	SRH
DSE	DSE
SRH	SRH
SRH	SRH
DISQ	DISQ
SRH	SRH
DISQ	DISQ
SRH	SRH
SRH	SRH
DISQ	DISQ
SRH	SRH
SRH	SRH
SRH	SRH
SRH	SRH
SRH	SRH
DISQ	DISQ
SRH	SRH
DSE	DSE
DISQ	DISQ
DISQ	DISQ
DSE	DSE
SRH	SRH
DSE	DSE
DISQ	DISQ
DSE	DSE
DISQ	DISQ
DSE	DSE
DSE	DSE
DSE	DSE
DSE	DSE
DSE	DSE
DSE	DSE
DSE	DSE
DSE	DSE
DSE	DSE
DSE	DSE
DSE	DSE
SRH	SRH
DSE	DSE
SRH	SRH
DISQ	DISQ
SRH	SRH
SRH	SRH
DSE	DSE
DSE	DSE
SRH	SRH
DSE	DSE
DSE	DSE
DSE	DSE
DSE	DSE
DSE	DSE
DSE	DSE
DSE	DSE
DISQ	DISQ
DSE	DSE
DISQ	DISQ
DSE	DSE
DSE	DSE
DSE	DSE
SRH	SRH
DSE	DSE
SRH	SRH
SRH	SRH
DISQ	DISQ
DSE	DSE
DSE	DSE
SRH	SRH
DSE	DSE
SRH	SRH
SRH	SRH
SRH	SRH
DMCT	DMCT
SRH	SRH
SRH	SRH
SRH	SRH
SRH	SRH
DISQ	DISQ
SRH	SRH
SRH	SRH
DISQ	DISQ
SRH	SRH
SRH	SRH
SRH	SRH
SRH	SRH
SRH	SRH
SRH	SRH
SRH	SRH
DMCT	DMCT
SRH	SRH
SRH	SRH
DMCT	DMCT
SRH	SRH
SRH	SRH
SRH	SRH
SRH	SRH
SRH	SRH
DSE	DSE
SRH	SRH
SRH	SRH
DSE	DSE
SRH	SRH
SRH	SRH
SRH	SRH
SRH	SRH
SRH	SRH
SRH	SRH
SRH	SRH
SRH	SRH
SRH	SRH
DISQ	DISQ
SRH	SRH
DISQ	DISQ
SRH	SRH
DISQ	DISQ
SRH	SRH
SRH	SRH
SRH	SRH
SRH	SRH
DSE	DSE
SRH	SRH
SRH	SRH
DISQ	DISQ
SRH	SRH
DISQ	DISQ
SRH	SRH
DISQ	DISQ
DMCT	DMCT
SRH	SRH
DISQ	DISQ
SRH	SRH
SRH	SRH
SRH	SRH
DSE	DSE
SRH	SRH
DISQ	DISQ
SRH	SRH
SRH	SRH
DSE	DSE
SRH	SRH
DSE	DSE
SRH	SRH
DSE	DSE
SRH	SRH
SRH	SRH
DISQ	DISQ
DISQ	DISQ
DISQ	DISQ
DISQ	DISQ
SRH	SRH
SRH	SRH
DISQ	DISQ
DISQ	DISQ
DISQ	DISQ
DISQ	DISQ
DISQ	DISQ
DISQ	DISQ
DMCT	DMCT
DISQ	DISQ
SFLE	DMCT
DISQ	DISQ
DISQ	DISQ
DISQ	DISQ
DISQ	DISQ
DISQ	DISQ
SRH	SRH
DISQ	DISQ
DSE	DSE
DISQ	DISQ
DSE	DSE
DISQ	DISQ
DISQ	DISQ
DISQ	DISQ
SRH	SRH
DISQ	DISQ
DISQ	DISQ
DISQ	DISQ
DISQ	DISQ
DISQ	DISQ
DSE	DSE
DISQ	DISQ
DISQ	DISQ
DISQ	DISQ
DISQ	DISQ
DMCT	SRH
DISQ	DISQ
DMCT	SRH
DISQ	DISQ
DMCT	DMCT
DISQ	DISQ
DISQ	DISQ
DISQ	DISQ
DISQ	DISQ
DISQ	DISQ
DISQ	DISQ
DISQ	DISQ
DISQ	DISQ
SRH	SRH
SRH	SRH
SRH	SRH
DISQ	DISQ
SRH	SRH
DISQ	DISQ
SRH	SRH
SRH	SRH
SRH	SRH
DISQ	DISQ
DISQ	DISQ
SRH	SRH
DISQ	DISQ
DISQ	DISQ
DISQ	DISQ
DISQ	DISQ
SRH	SRH
DISQ	DISQ
SRH	SRH
DISQ	DISQ
DISQ	DISQ
DISQ	DISQ
DISQ	DISQ
DISQ	DISQ
SRH	SRH
DISQ	DISQ
DISQ	DISQ
SRH	SRH
DISQ	DISQ
DISQ	DISQ
SRH	SRH
DISQ	DISQ
DISQ	DISQ
DISQ	DISQ
DISQ	DISQ
DSE	DSE
DISQ	DISQ
DSE	DSE
DISQ	DISQ
DISQ	DISQ
DISQ	DISQ
DISQ	DISQ
DISQ	DISQ
SRH	SRH
SRH	SRH
SRH	SRH
DISQ	DISQ
SRH	SRH
DMCT	DSE
DISQ	DISQ
DMCT	DSE
SRH	SRH
SRH	SRH
DMCT	DSE
SRH	SRH
DMCT	DSE
DMCT	DSE
DMCT	DSE
DMCT	DSE
SRH	SRH
DMCT	DSE
SRH	SRH
DMCT	DSE
SRH	SRH
SRH	SRH
SRH	SRH
DISQ	DISQ
DISQ	DISQ
DISQ	DISQ
DISQ	DISQ
DISQ	DISQ
DISQ	DISQ
DISQ	DISQ
DISQ	DISQ
SRH	SRH
DISQ	DISQ
DISQ	DISQ
SRH	SRH
DISQ	DISQ
DISQ	DISQ
DISQ	DISQ
DSE	DSE
DISQ	DISQ
DISQ	DISQ
SRH	SRH
SRH	SRH
DISQ	DISQ
DISQ	DISQ
DISQ	DISQ
DISQ	DISQ
DISQ	DISQ
DSE	DSE
DISQ	DISQ
DISQ	DISQ
DISQ	DISQ
DISQ	DISQ
DISQ	DISQ
DISQ	DISQ
DISQ	DISQ
DISQ	DISQ
DISQ	DISQ
DISQ	DISQ
DISQ	DISQ
SRH	SRH
DISQ	DISQ
SRH	SRH
DSE	DSE
DISQ	DISQ
DSE	DSE
DSE	DSE
DSE	DMCT
DSE	DSE
DISQ	DISQ
DSE	DMCT
DSE	DMCT
DSE	DMCT
DSE	DMCT
DSE	DMCT
DSE	DMCT
DISQ	DISQ
DSE	DMCT
DISQ	DISQ
DISQ	DISQ
DISQ	DISQ
DISQ	DISQ
DSE	DMCT
DISQ	DISQ
DSE	DMCT
DSE	DMCT
DISQ	DISQ
DISQ	DISQ
DSE	DMCT
DISQ	DISQ
DSE	DMCT
DISQ	DISQ
DSE	DMCT
DISQ	DISQ
DSE	DMCT
DISQ	DISQ
DSE	DMCT
DISQ	DISQ
DSE	DMCT
DISQ	DISQ
DSE	DMCT
DISQ	DISQ
DSE	DMCT
DSE	DMCT
DISQ	DISQ
DSE	DMCT
DSE	DMCT
DISQ	DISQ
DSE	DMCT
DSE	DMCT
DSE	DMCT
DSE	DMCT
DISQ	DISQ
DISQ	DISQ
DSE	DMCT
DSE	DMCT
DSE	DMCT
DSE	DMCT
DSE	DMCT
DSE	DMCT
DMCT	DMCT
DISQ	DISQ
DMCT	DMCT
DMCT	DMCT
SRH	SRH
SRH	SRH
DSE	DSE
SRH	SRH
SRH	SRH
DSE	DSE
DSE	DSE
DSE	DSE
SRH	SRH
DSE	DSE
DSE	DSE
SRH	SRH
SRH	SRH
DISQ	DISQ
DISQ	DISQ
DISQ	DISQ
DISQ	DISQ
DISQ	DISQ
DISQ	DISQ
DISQ	DISQ
DSE	DSE
DISQ	DISQ
DISQ	DISQ
DISQ	DISQ
DSE	DSE
DISQ	DISQ
DISQ	DISQ
DISQ	DISQ
DISQ	DISQ
DISQ	DISQ
DISQ	DISQ
DISQ	DISQ
DISQ	DISQ
DISQ	DISQ
DISQ	DISQ
DISQ	DISQ
DMCT	DMCT
DISQ	DISQ
DMCT	DMCT
DISQ	DISQ
DMCT	DMCT
DMCT	DMCT
DMCT	DMCT
SRH	SRH
DMCT	DMCT
DMCT	DMCT
DMCT	DMCT
SRH	SRH
DMCT	DMCT
DMCT	DMCT
SRH	SRH
SRH	SRH
SRH	SRH
SRH	SRH
SRH	SRH
SRH	SRH
DSE	DSE
SRH	SRH
DSE	DSE
SRH	SRH
SRH	SRH
DSE	DSE
SRH	SRH
DSE	DSE
SRH	SRH
DSE	DSE
DSE	DSE
SRH	SRH
DSE	DSE
DSE	DSE
DSE	DSE
SRH	SRH
DSE	DSE
SRH	SRH
SRH	SRH
DSE	DSE
SRH	SRH
DSE	DSE
DMCT	DMCT
DMCT	DMCT
DMCT	DMCT
DSE	DSE
DSE	DSE
DSE	DSE
DSE	DSE
DSE	DSE
DSE	DSE
DMCT	DMCT
DISQ	DISQ
DISQ	DISQ
DISQ	DISQ
DISQ	DISQ
DISQ	DISQ
DMCT	DMCT
DMCT	DMCT
DISQ	DISQ
DMCT	DMCT
DISQ	DISQ
DMCT	DMCT
DISQ	DISQ
DISQ	DISQ
DSE	DMCT
DSE	DMCT
SRH	SRH
DMCT	DMCT
DMCT	DMCT
DMCT	DMCT
DSE	DSE
DMCT	DMCT
DISQ	DISQ
SRH	SRH
DISQ	SRH
DISQ	SRH
DMCT	DMCT
SRH	SRH
SRH	SRH
SRH	SRH
SRH	SRH
SRH	SRH
SRH	SRH
DSE	DSE
DMCT	DMCT
SRH	SRH
DSE	DSE
SRH	SRH
SRH	SRH
DMCT	DMCT
DMCT	DMCT
SRH	SRH
DMCT	DMCT
SRH	SRH
SRH	SRH
DSE	DSE
DSE	DSE
SRH	SRH
SRH	SRH
SRH	SRH
DSE	DSE
SRH	SRH
SRH	SRH
SRH	SRH
SRH	SRH
SRH	SRH
SRH	SRH
DSE	DSE
SRH	SRH
SRH	SRH
DMCT	DMCT
DSE	DSE
DSE	DSE
DSE	DSE
DISQ	DISQ
DSE	DSE
DSE	DSE
DSE	DSE
SRH	SRH
SRH	SRH
SRH	SRH
DSE	DSE
DSE	DSE
SRH	SRH
SRH	SRH
DSE	DSE
DSE	DSE
SRH	SRH
SRH	SRH
DSE	DSE
DSE	DSE
SRH	SRH
DSE	DSE
SRH	SRH
SRH	SRH
DSE	DSE
DSE	DSE
SRH	SRH
DSE	DSE
SRH	SRH
SRH	SRH
DSE	DSE
DSE	DSE
DMCT	DSE
DSE	DSE
SRH	SRH
DSE	DSE
DSE	DSE
SRH	SRH
SRH	SRH
SRH	SRH
SRH	SRH
SRH	SRH
SRH	SRH
SRH	SRH
SRH	SRH
SRH	SRH
SRH	SRH
SRH	SRH
SRH	SRH
SRH	SRH
DSE	DSE
SRH	SRH
SRH	SRH
SRH	SRH
SRH	SRH
DSE	DSE
SRH	SRH
SRH	SRH
SRH	SRH
SRH	SRH
DSE	DSE
SRH	SRH
DSE	DSE
SRH	SRH
DSE	DSE
DSE	DSE
SRH	SRH
SRH	SRH
SRH	SRH
SRH	SRH
SRH	SRH
SRH	SRH
SRH	SRH
SRH	SRH
SRH	SRH
SRH	SRH
SRH	SRH
SRH	SRH
SRH	SRH
SRH	SRH
SRH	SRH
SRH	SRH
SRH	SRH
SRH	SRH
SRH	SRH
SRH	SRH
SRH	SRH
SRH	SRH
SRH	SRH
SRH	SRH
SRH	SRH
SRH	SRH
SRH	SRH
SRH	SRH
SRH	SRH
SRH	SRH
SRH	SRH
SRH	SRH
SRH	SRH
SRH	SRH
SRH	SRH
SRH	SRH
SRH	SRH
SRH	SRH
SRH	SRH
SRH	SRH
SRH	SRH
SRH	SRH
SRH	SRH
SRH	SRH
SRH	SRH
SRH	SRH
SRH	SRH
SRH	SRH
SRH	SRH
SRH	SRH
SRH	SRH
SRH	SRH
DISQ	DISQ
DISQ	DISQ
DISQ	DISQ
DISQ	DISQ
DISQ	DISQ
SRH	SRH
DSE	DMCT
SRH	SRH
DSE	DMCT
DMCT	SRH
DSE	DMCT
SRH	SRH
DSE	DMCT
SRH	SRH
DSE	DMCT
SRH	SRH
DSE	DMCT
SRH	SRH
DSE	DMCT
SRH	SRH
DSE	DMCT
DSE	DMCT
SRH	SRH
DSE	DMCT
SRH	SRH
DSE	DMCT
DISQ	DISQ
SRH	SRH
DSE	DMCT
DISQ	DISQ
SRH	SRH
DSE	DMCT
SRH	SRH
DSE	DMCT
SRH	SRH
DSE	DMCT
SRH	SRH
SRH	SRH
DSE	DMCT
DSE	DMCT
SRH	SRH
DSE	DMCT
SRH	SRH
DSE	DMCT
SRH	SRH
DSE	DMCT
SRH	SRH
SRH	SRH
SRH	SRH
SRH	SRH
SRH	SRH
SRH	SRH
SRH	SRH
SRH	SRH
SRH	SRH
SRH	SRH
SRH	SRH
SRH	SRH
SRH	SRH
SRH	SRH
DSE	DSE
SRH	SRH
SRH	SRH
SRH	SRH
SFLE	DSE
SRH	SRH
SRH	SRH
DISQ	DISQ
DSE	DSE
SRH	SRH
SRH	SRH
SRH	SRH
SRH	SRH
SRH	SRH
SRH	SRH
DISQ	DISQ
SRH	SRH
DISQ	DISQ
SRH	SRH
DMCT	DMCT
DISQ	DISQ
SRH	SRH
SRH	SRH
SRH	SRH
SRH	SRH
SRH	SRH
SRH	SRH
DMCT	DMCT
DMCT	DSE
DMCT	DMCT
DMCT	DMCT
DMCT	DSE
SRH	SRH
SRH	SRH
SRH	SRH
SRH	SRH
SRH	SRH
DSE	DSE
SRH	SRH
DSE	DSE
SRH	SRH
DSE	DSE
DSE	DSE
DSE	DSE
DSE	DSE
DSE	DSE
DSE	DSE
DSE	DSE
DSE	DSE
DSE	DSE
DSE	DSE
DSE	SFLE
SRH	SRH
SRH	SRH
SRH	SRH
DMCT	DMCT
SRH	SRH
DMCT	DMCT
SRH	SRH
SRH	SRH
SRH	SRH
SRH	SRH
SRH	SRH
SRH	SRH
SRH	SRH
SRH	SRH
SRH	SRH
SRH	SRH
SRH	SRH
SRH	SRH
SRH	SRH
SRH	SRH
SRH	SRH
SRH	SRH
SRH	SRH
SRH	SRH
SRH	SRH
DSE	SRH
SRH	SRH
SRH	SRH
DSE	SRH
SRH	SRH
DSE	SRH
SRH	SRH
DISQ	DISQ
DMCT	DMCT
SRH	SRH
DSE	SRH
DISQ	DISQ
DMCT	DMCT
SRH	SRH
DSE	SRH
DISQ	DISQ
DMCT	DMCT
DSE	SRH
SRH	SRH
DSE	SRH
DSE	SRH
DSE	SRH
DSE	SRH
DSE	SRH
DSE	SRH
DSE	SRH
DSE	SRH
DSE	SRH
DSE	SRH
DSE	SRH
DMCT	DMCT
SRH	SRH
DSE	SRH
SRH	SRH
SRH	SRH
DSE	SRH
SRH	SRH
DSE	SRH
DSE	SRH
SRH	SRH
SRH	SRH
SRH	SRH
SRH	SRH
SRH	SRH
SRH	SRH
SRH	SRH
SRH	SRH
SRH	SRH
SRH	SRH
DSE	DISQ
DMCT	DMCT
DMCT	DMCT
DMCT	DMCT
DMCT	DMCT
DMCT	DMCT
DMCT	DMCT
DSE	DSE
DSE	DSE
DSE	SRH
DSE	SRH
DSE	DSE
SRH	SRH
DSE	SRH
DSE	SRH
DSE	DSE
DSE	DSE
DSE	DSE
DSE	DSE
DSE	DSE
DSE	DSE
DSE	DSE
DSE	DSE
DSE	DSE
DISQ	DISQ
DSE	DSE
DISQ	DISQ
DSE	DSE
DISQ	DISQ
DISQ	DISQ
DSE	DSE
DSE	DSE
DSE	DSE
DSE	DSE
DSE	DSE
DSE	DSE
DISQ	DMCT
DSE	DMCT
DSE	DMCT
DMCT	DSE
DSE	DMCT
DMCT	DMCT
DSE	DSE
DSE	DSE
DSE	DSE
DMCT	DMCT
DSE	DSE
DSE	DSE
DSE	DSE
DSE	DSE
DSE	DSE
DSE	DSE
DSE	DSE
DSE	DSE
DSE	DSE
DSE	DSE
DSE	DSE
DSE	DSE
DSE	DSE
DSE	DSE
DSE	DSE
DSE	DSE
DISQ	DISQ
DSE	DSE
DISQ	DISQ
DSE	DSE
DSE	DSE
DISQ	DISQ
DSE	DSE
DSE	DSE
DSE	DSE
DSE	DSE
DSE	DSE
DSE	DSE
DSE	DSE
DMCT	DMCT
DMCT	DMCT
DMCT	DMCT
DMCT	SFLE
DMCT	DMCT
DISQ	DISQ
DISQ	DISQ
DSE	DSE
DISQ	DISQ
DSE	DSE
DMCT	DMCT
DMCT	DMCT
DMCT	DMCT
DMCT	DMCT
DMCT	DMCT
DSE	SRH
SRH	SRH
SRH	SRH
DSE	DSE
SRH	SRH
DISQ	DISQ
DSE	DSE
DSE	DSE
DSE	DSE
DSE	DSE
DSE	DSE
DSE	DSE
DSE	DSE
SRH	SRH
SRH	SRH
DSE	DSE
SRH	SRH
SRH	SRH
SRH	SRH
DSE	DSE
SRH	SRH
SRH	SRH
SRH	SRH
SRH	SRH
SRH	SRH
SRH	SRH
DSE	DSE
DSE	DSE
DSE	DSE
SRH	SRH
SRH	SRH
SRH	SRH
SRH	SRH
SRH	SRH
SRH	SRH
SRH	SRH
SRH	SRH
SRH	SRH
SRH	SRH
SRH	SRH
SRH	SRH
SRH	SRH
SRH	SRH
SRH	SRH
SRH	SRH
SRH	SRH
SRH	SRH
SRH	SRH
SRH	SRH
DSE	DSE
SRH	SRH
SRH	SRH
SRH	SRH
SRH	SRH
DSE	DSE
SRH	SRH
SRH	SRH
DSE	DSE
SRH	SRH
SRH	SRH
SRH	SRH
SRH	SRH
SRH	SRH
SRH	SRH
SRH	SRH
SRH	SRH
SRH	SRH
DSE	DSE
SRH	SRH
DSE	DSE
DSE	DSE
DSE	DSE
DSE	DSE
SRH	SRH
SRH	SRH
SRH	SRH
SRH	SRH
DISQ	DISQ
DMCT	DMCT
SRH	SRH
SRH	SRH
SRH	SRH
SRH	SRH
SRH	SRH
SRH	SRH
SRH	SRH
SRH	SRH
SRH	SRH
SRH	SRH
SRH	SRH
DSE	DSE
DSE	DSE
SRH	SRH
SRH	SRH
SRH	SRH
SRH	SRH
SRH	SRH
SRH	SRH
SRH	SRH
SRH	SRH
SRH	SRH
DISQ	DISQ
SRH	SRH
DISQ	DISQ
SRH	SRH
DISQ	DISQ
SRH	SRH
SRH	SRH
SRH	SRH
SRH	SRH
SRH	SRH
SRH	SRH
SRH	SRH
SRH	SRH
SRH	SRH
SRH	SRH
SRH	SRH
SRH	SRH
SRH	SRH
SRH	SRH
SRH	SRH
SRH	SRH
SRH	SRH
SRH	SRH
SRH	SRH
SRH	SRH
SRH	SRH
SRH	SRH
SRH	SRH
SRH	SRH
SRH	SRH
SRH	SRH
SRH	SRH
SRH	SRH
SRH	SRH
SRH	SRH
SRH	SRH
SRH	SRH
SRH	SRH
SRH	SRH
SRH	SRH
SRH	SRH
SRH	SRH
DSE	DSE
SRH	SRH
SRH	SRH
DSE	DSE
SRH	SRH
SRH	SRH
DSE	DSE
SRH	SRH
DSE	DSE
SRH	SRH
SRH	SRH
SRH	SRH
SRH	SRH
DSE	DSE
SRH	SRH
DSE	DSE
DSE	DSE
DSE	DSE
DSE	DSE
DSE	DSE
DSE	DSE
DSE	DSE
SRH	SRH
DSE	DSE
DSE	DSE
DSE	DSE
DSE	DSE
DSE	DSE
DSE	DSE
DSE	DSE
DSE	DSE
SRH	SRH
DSE	DSE
DSE	DSE
DSE	DSE
SRH	SRH
DSE	DSE
SRH	SRH
DSE	DSE
SRH	SRH
DSE	DSE
DSE	DSE
SRH	SRH
DSE	DSE
SRH	SRH
DSE	DSE
DSE	DSE
SRH	SRH
DSE	DSE
DSE	DSE
DMCT	DMCT
DSE	DSE
DSE	DSE
DSE	DSE
SRH	SRH
SRH	SRH
SRH	SRH
SRH	SRH
DSE	DSE
DSE	DSE
DSE	DSE
DSE	DSE
SRH	SRH
SRH	SRH
DSE	DSE
DSE	DSE
DSE	DSE
DSE	DSE
DSE	DSE
SRH	SRH
DSE	DSE
DSE	DSE
DSE	DSE
DSE	DSE
DSE	DSE
DSE	DSE
DSE	DSE
DSE	DSE
DSE	DSE
DSE	DSE
DSE	DSE
DSE	DSE
DSE	DSE
SRH	SRH
SRH	SRH
SRH	SRH
SRH	SRH
SRH	SRH
SRH	SRH
SRH	SRH
DMCT	DMCT
DMCT	DMCT
DSE	DSE
DSE	DSE
DISQ	DISQ
DMCT	DMCT
DSE	DSE
DSE	DSE
DSE	DSE
DSE	DMCT
DSE	DSE
SRH	SRH
SRH	SRH
DSE	DSE
SRH	SRH
SRH	SRH
SRH	SRH
SRH	SRH
SRH	SRH
SRH	SRH
SRH	SRH
SRH	SRH
